Name		minicontrol		Action			Detect			Sensitivity						|<--	Output					-->|
	Oct	Map	Key	Touch (Vel 1-24)	Tap (Vel 25-119)	Hit (Vel 120-127)	Event2	Chan	Note	Min	Touch	Tap	Hit	Max	Key Detect	Touch Detect	Touch Action	Tap Detect	Tap Action	Hit Detect	Hit Action	Key complete
			C-1	Hello	Hello	Hello	on	0	0	1	[1-9]|1[0-9]|2[0-4]) 	2[5-9]|[3-9][0-9]|1[0-1][0-9]) 	12[0-7]) 	127	=IF(CONCAT(E3:G3)="","",UNICHAR(34)&H3&" "&I3&" "&J3&UNICHAR(34)&" ) case "&UNICHAR(34)&"$data2 "&UNICHAR(34)&" in ")	=IF(ISBLANK(E3),"",L3)	=IF(ISBLANK(E3),"",LOOKUP(E3,$Actions.$B$2:$Actions.$B$1107,$Actions.$D$2:$Actions.$D$1107)&";;  ")	=IF(ISBLANK(F3),"",M3)	=IF(ISBLANK(F3),"",LOOKUP(F3,$Actions.$B$2:$Actions.$B$1107,$Actions.$D$2:$Actions.$D$1107)&";;  ")	=IF(ISBLANK(G3),"",N3)	=IF(ISBLANK(G3),"",LOOKUP(G3,$Actions.$B$2:$Actions.$B$1107,$Actions.$D$2:$Actions.$D$1107)&";; ")	=IF(CONCAT(E3:G3)="","","esac ;;  "&UNICHAR(13)&UNICHAR(10))
			C#-1				on	0	1	1	[1-9]|1[0-9]|2[0-4]) 	2[5-9]|[3-9][0-9]|1[0-1][0-9]) 	12[0-7]) 	127	=IF(CONCAT(E4:G4)="","",UNICHAR(34)&H4&" "&I4&" "&J4&UNICHAR(34)&" ) case "&UNICHAR(34)&"$data2 "&UNICHAR(34)&" in ")	=IF(ISBLANK(E4),"",L4)	=IF(ISBLANK(E4),"",LOOKUP(E4,$Actions.$B$2:$Actions.$B$1107,$Actions.$D$2:$Actions.$D$1107)&";;  ")	=IF(ISBLANK(F4),"",M4)	=IF(ISBLANK(F4),"",LOOKUP(F4,$Actions.$B$2:$Actions.$B$1107,$Actions.$D$2:$Actions.$D$1107)&";;  ")	=IF(ISBLANK(G4),"",N4)	=IF(ISBLANK(G4),"",LOOKUP(G4,$Actions.$B$2:$Actions.$B$1107,$Actions.$D$2:$Actions.$D$1107)&";; ")	=IF(CONCAT(E4:G4)="","","esac ;;  "&UNICHAR(13)&UNICHAR(10))
			D-1				on	0	2	1	[1-9]|1[0-9]|2[0-4]) 	2[5-9]|[3-9][0-9]|1[0-1][0-9]) 	12[0-7]) 	127	=IF(CONCAT(E5:G5)="","",UNICHAR(34)&H5&" "&I5&" "&J5&UNICHAR(34)&" ) case "&UNICHAR(34)&"$data2 "&UNICHAR(34)&" in ")	=IF(ISBLANK(E5),"",L5)	=IF(ISBLANK(E5),"",LOOKUP(E5,$Actions.$B$2:$Actions.$B$1107,$Actions.$D$2:$Actions.$D$1107)&";;  ")	=IF(ISBLANK(F5),"",M5)	=IF(ISBLANK(F5),"",LOOKUP(F5,$Actions.$B$2:$Actions.$B$1107,$Actions.$D$2:$Actions.$D$1107)&";;  ")	=IF(ISBLANK(G5),"",N5)	=IF(ISBLANK(G5),"",LOOKUP(G5,$Actions.$B$2:$Actions.$B$1107,$Actions.$D$2:$Actions.$D$1107)&";; ")	=IF(CONCAT(E5:G5)="","","esac ;;  "&UNICHAR(13)&UNICHAR(10))
			D#-1				on	0	3	1	[1-9]|1[0-9]|2[0-4]) 	2[5-9]|[3-9][0-9]|1[0-1][0-9]) 	12[0-7]) 	127	=IF(CONCAT(E6:G6)="","",UNICHAR(34)&H6&" "&I6&" "&J6&UNICHAR(34)&" ) case "&UNICHAR(34)&"$data2 "&UNICHAR(34)&" in ")	=IF(ISBLANK(E6),"",L6)	=IF(ISBLANK(E6),"",LOOKUP(E6,$Actions.$B$2:$Actions.$B$1107,$Actions.$D$2:$Actions.$D$1107)&";;  ")	=IF(ISBLANK(F6),"",M6)	=IF(ISBLANK(F6),"",LOOKUP(F6,$Actions.$B$2:$Actions.$B$1107,$Actions.$D$2:$Actions.$D$1107)&";;  ")	=IF(ISBLANK(G6),"",N6)	=IF(ISBLANK(G6),"",LOOKUP(G6,$Actions.$B$2:$Actions.$B$1107,$Actions.$D$2:$Actions.$D$1107)&";; ")	=IF(CONCAT(E6:G6)="","","esac ;;  "&UNICHAR(13)&UNICHAR(10))
			E-1				on	0	4	1	[1-9]|1[0-9]|2[0-4]) 	2[5-9]|[3-9][0-9]|1[0-1][0-9]) 	12[0-7]) 	127	=IF(CONCAT(E7:G7)="","",UNICHAR(34)&H7&" "&I7&" "&J7&UNICHAR(34)&" ) case "&UNICHAR(34)&"$data2 "&UNICHAR(34)&" in ")	=IF(ISBLANK(E7),"",L7)	=IF(ISBLANK(E7),"",LOOKUP(E7,$Actions.$B$2:$Actions.$B$1107,$Actions.$D$2:$Actions.$D$1107)&";;  ")	=IF(ISBLANK(F7),"",M7)	=IF(ISBLANK(F7),"",LOOKUP(F7,$Actions.$B$2:$Actions.$B$1107,$Actions.$D$2:$Actions.$D$1107)&";;  ")	=IF(ISBLANK(G7),"",N7)	=IF(ISBLANK(G7),"",LOOKUP(G7,$Actions.$B$2:$Actions.$B$1107,$Actions.$D$2:$Actions.$D$1107)&";; ")	=IF(CONCAT(E7:G7)="","","esac ;;  "&UNICHAR(13)&UNICHAR(10))
	MidiKeys		F-1	Tab	Tab	Escape	on	0	5	1	[1-9]|1[0-9]|2[0-4]) 	2[5-9]|[3-9][0-9]|1[0-1][0-9]) 	12[0-7]) 	127	=IF(CONCAT(E8:G8)="","",UNICHAR(34)&H8&" "&I8&" "&J8&UNICHAR(34)&" ) case "&UNICHAR(34)&"$data2"&UNICHAR(34)&" in ")	=IF(ISBLANK(E8),"",L8)	=IF(ISBLANK(E8),"",LOOKUP(E8,$Actions.$B$2:$Actions.$B$1107,$Actions.$D$2:$Actions.$D$1107)&";;  ")	=IF(ISBLANK(F8),"",M8)	=IF(ISBLANK(F8),"",LOOKUP(F8,$Actions.$B$2:$Actions.$B$1107,$Actions.$D$2:$Actions.$D$1107)&";;  ")	=IF(ISBLANK(G8),"",N8)	=IF(ISBLANK(G8),"",LOOKUP(G8,$Actions.$B$2:$Actions.$B$1107,$Actions.$D$2:$Actions.$D$1107)&";; ")	=IF(CONCAT(E8:G8)="","","esac ;;  "&UNICHAR(13)&UNICHAR(10))
			F#-1	Little i	Big I	1	on	0	6	1	[1-9]|1[0-9]|2[0-4]) 	2[5-9]|[3-9][0-9]|1[0-1][0-9]) 	12[0-7]) 	127	=IF(CONCAT(E9:G9)="","",UNICHAR(34)&H9&" "&I9&" "&J9&UNICHAR(34)&" ) case "&UNICHAR(34)&"$data2"&UNICHAR(34)&" in ")	=IF(ISBLANK(E9),"",L9)	=IF(ISBLANK(E9),"",LOOKUP(E9,$Actions.$B$2:$Actions.$B$1107,$Actions.$D$2:$Actions.$D$1107)&";;  ")	=IF(ISBLANK(F9),"",M9)	=IF(ISBLANK(F9),"",LOOKUP(F9,$Actions.$B$2:$Actions.$B$1107,$Actions.$D$2:$Actions.$D$1107)&";;  ")	=IF(ISBLANK(G9),"",N9)	=IF(ISBLANK(G9),"",LOOKUP(G9,$Actions.$B$2:$Actions.$B$1107,$Actions.$D$2:$Actions.$D$1107)&";; ")	=IF(CONCAT(E9:G9)="","","esac ;;  "&UNICHAR(13)&UNICHAR(10))
			G-1	Little x	Big X	Quote	on	0	7	1	[1-9]|1[0-9]|2[0-4]) 	2[5-9]|[3-9][0-9]|1[0-1][0-9]) 	12[0-7]) 	127	=IF(CONCAT(E10:G10)="","",UNICHAR(34)&H10&" "&I10&" "&J10&UNICHAR(34)&" ) case "&UNICHAR(34)&"$data2"&UNICHAR(34)&" in ")	=IF(ISBLANK(E10),"",L10)	=IF(ISBLANK(E10),"",LOOKUP(E10,$Actions.$B$2:$Actions.$B$1107,$Actions.$D$2:$Actions.$D$1107)&";;  ")	=IF(ISBLANK(F10),"",M10)	=IF(ISBLANK(F10),"",LOOKUP(F10,$Actions.$B$2:$Actions.$B$1107,$Actions.$D$2:$Actions.$D$1107)&";;  ")	=IF(ISBLANK(G10),"",N10)	=IF(ISBLANK(G10),"",LOOKUP(G10,$Actions.$B$2:$Actions.$B$1107,$Actions.$D$2:$Actions.$D$1107)&";; ")	=IF(CONCAT(E10:G10)="","","esac ;;  "&UNICHAR(13)&UNICHAR(10))
			G#-1	Little a	Big A	Apostrophe	on	0	8	1	[1-9]|1[0-9]|2[0-4]) 	2[5-9]|[3-9][0-9]|1[0-1][0-9]) 	12[0-7]) 	127	=IF(CONCAT(E11:G11)="","",UNICHAR(34)&H11&" "&I11&" "&J11&UNICHAR(34)&" ) case "&UNICHAR(34)&"$data2"&UNICHAR(34)&" in ")	=IF(ISBLANK(E11),"",L11)	=IF(ISBLANK(E11),"",LOOKUP(E11,$Actions.$B$2:$Actions.$B$1107,$Actions.$D$2:$Actions.$D$1107)&";;  ")	=IF(ISBLANK(F11),"",M11)	=IF(ISBLANK(F11),"",LOOKUP(F11,$Actions.$B$2:$Actions.$B$1107,$Actions.$D$2:$Actions.$D$1107)&";;  ")	=IF(ISBLANK(G11),"",N11)	=IF(ISBLANK(G11),"",LOOKUP(G11,$Actions.$B$2:$Actions.$B$1107,$Actions.$D$2:$Actions.$D$1107)&";; ")	=IF(CONCAT(E11:G11)="","","esac ;;  "&UNICHAR(13)&UNICHAR(10))
			A-1	Little k	Big K	Dash	on	0	9	1	[1-9]|1[0-9]|2[0-4]) 	2[5-9]|[3-9][0-9]|1[0-1][0-9]) 	12[0-7]) 	127	=IF(CONCAT(E12:G12)="","",UNICHAR(34)&H12&" "&I12&" "&J12&UNICHAR(34)&" ) case "&UNICHAR(34)&"$data2"&UNICHAR(34)&" in ")	=IF(ISBLANK(E12),"",L12)	=IF(ISBLANK(E12),"",LOOKUP(E12,$Actions.$B$2:$Actions.$B$1107,$Actions.$D$2:$Actions.$D$1107)&";;  ")	=IF(ISBLANK(F12),"",M12)	=IF(ISBLANK(F12),"",LOOKUP(F12,$Actions.$B$2:$Actions.$B$1107,$Actions.$D$2:$Actions.$D$1107)&";;  ")	=IF(ISBLANK(G12),"",N12)	=IF(ISBLANK(G12),"",LOOKUP(G12,$Actions.$B$2:$Actions.$B$1107,$Actions.$D$2:$Actions.$D$1107)&";; ")	=IF(CONCAT(E12:G12)="","","esac ;;  "&UNICHAR(13)&UNICHAR(10))
			A#-1	Little o	Big O	Equal	on	0	10	1	[1-9]|1[0-9]|2[0-4]) 	2[5-9]|[3-9][0-9]|1[0-1][0-9]) 	12[0-7]) 	127	=IF(CONCAT(E13:G13)="","",UNICHAR(34)&H13&" "&I13&" "&J13&UNICHAR(34)&" ) case "&UNICHAR(34)&"$data2"&UNICHAR(34)&" in ")	=IF(ISBLANK(E13),"",L13)	=IF(ISBLANK(E13),"",LOOKUP(E13,$Actions.$B$2:$Actions.$B$1107,$Actions.$D$2:$Actions.$D$1107)&";;  ")	=IF(ISBLANK(F13),"",M13)	=IF(ISBLANK(F13),"",LOOKUP(F13,$Actions.$B$2:$Actions.$B$1107,$Actions.$D$2:$Actions.$D$1107)&";;  ")	=IF(ISBLANK(G13),"",N13)	=IF(ISBLANK(G13),"",LOOKUP(G13,$Actions.$B$2:$Actions.$B$1107,$Actions.$D$2:$Actions.$D$1107)&";; ")	=IF(CONCAT(E13:G13)="","","esac ;;  "&UNICHAR(13)&UNICHAR(10))
			B-1	Little q	Big Q	Caret	on	0	11	1	[1-9]|1[0-9]|2[0-4]) 	2[5-9]|[3-9][0-9]|1[0-1][0-9]) 	12[0-7]) 	127	=IF(CONCAT(E14:G14)="","",UNICHAR(34)&H14&" "&I14&" "&J14&UNICHAR(34)&" ) case "&UNICHAR(34)&"$data2"&UNICHAR(34)&" in ")	=IF(ISBLANK(E14),"",L14)	=IF(ISBLANK(E14),"",LOOKUP(E14,$Actions.$B$2:$Actions.$B$1107,$Actions.$D$2:$Actions.$D$1107)&";;  ")	=IF(ISBLANK(F14),"",M14)	=IF(ISBLANK(F14),"",LOOKUP(F14,$Actions.$B$2:$Actions.$B$1107,$Actions.$D$2:$Actions.$D$1107)&";;  ")	=IF(ISBLANK(G14),"",N14)	=IF(ISBLANK(G14),"",LOOKUP(G14,$Actions.$B$2:$Actions.$B$1107,$Actions.$D$2:$Actions.$D$1107)&";; ")	=IF(CONCAT(E14:G14)="","","esac ;;  "&UNICHAR(13)&UNICHAR(10))
			C0	Little j	Big J	Bar	on	0	12	1	[1-9]|1[0-9]|2[0-4]) 	2[5-9]|[3-9][0-9]|1[0-1][0-9]) 	12[0-7]) 	127	=IF(CONCAT(E15:G15)="","",UNICHAR(34)&H15&" "&I15&" "&J15&UNICHAR(34)&" ) case "&UNICHAR(34)&"$data2"&UNICHAR(34)&" in ")	=IF(ISBLANK(E15),"",L15)	=IF(ISBLANK(E15),"",LOOKUP(E15,$Actions.$B$2:$Actions.$B$1107,$Actions.$D$2:$Actions.$D$1107)&";;  ")	=IF(ISBLANK(F15),"",M15)	=IF(ISBLANK(F15),"",LOOKUP(F15,$Actions.$B$2:$Actions.$B$1107,$Actions.$D$2:$Actions.$D$1107)&";;  ")	=IF(ISBLANK(G15),"",N15)	=IF(ISBLANK(G15),"",LOOKUP(G15,$Actions.$B$2:$Actions.$B$1107,$Actions.$D$2:$Actions.$D$1107)&";; ")	=IF(CONCAT(E15:G15)="","","esac ;;  "&UNICHAR(13)&UNICHAR(10))
			C#0	Little e	Big E	Comma	on	0	13	1	[1-9]|1[0-9]|2[0-4]) 	2[5-9]|[3-9][0-9]|1[0-1][0-9]) 	12[0-7]) 	127	=IF(CONCAT(E16:G16)="","",UNICHAR(34)&H16&" "&I16&" "&J16&UNICHAR(34)&" ) case "&UNICHAR(34)&"$data2"&UNICHAR(34)&" in ")	=IF(ISBLANK(E16),"",L16)	=IF(ISBLANK(E16),"",LOOKUP(E16,$Actions.$B$2:$Actions.$B$1107,$Actions.$D$2:$Actions.$D$1107)&";;  ")	=IF(ISBLANK(F16),"",M16)	=IF(ISBLANK(F16),"",LOOKUP(F16,$Actions.$B$2:$Actions.$B$1107,$Actions.$D$2:$Actions.$D$1107)&";;  ")	=IF(ISBLANK(G16),"",N16)	=IF(ISBLANK(G16),"",LOOKUP(G16,$Actions.$B$2:$Actions.$B$1107,$Actions.$D$2:$Actions.$D$1107)&";; ")	=IF(CONCAT(E16:G16)="","","esac ;;  "&UNICHAR(13)&UNICHAR(10))
			D0	Little p	Big P	Colon	on	0	14	1	[1-9]|1[0-9]|2[0-4]) 	2[5-9]|[3-9][0-9]|1[0-1][0-9]) 	12[0-7]) 	127	=IF(CONCAT(E17:G17)="","",UNICHAR(34)&H17&" "&I17&" "&J17&UNICHAR(34)&" ) case "&UNICHAR(34)&"$data2"&UNICHAR(34)&" in ")	=IF(ISBLANK(E17),"",L17)	=IF(ISBLANK(E17),"",LOOKUP(E17,$Actions.$B$2:$Actions.$B$1107,$Actions.$D$2:$Actions.$D$1107)&";;  ")	=IF(ISBLANK(F17),"",M17)	=IF(ISBLANK(F17),"",LOOKUP(F17,$Actions.$B$2:$Actions.$B$1107,$Actions.$D$2:$Actions.$D$1107)&";;  ")	=IF(ISBLANK(G17),"",N17)	=IF(ISBLANK(G17),"",LOOKUP(G17,$Actions.$B$2:$Actions.$B$1107,$Actions.$D$2:$Actions.$D$1107)&";; ")	=IF(CONCAT(E17:G17)="","","esac ;;  "&UNICHAR(13)&UNICHAR(10))
			D#0	Little u	Big U	Period	on	0	15	1	[1-9]|1[0-9]|2[0-4]) 	2[5-9]|[3-9][0-9]|1[0-1][0-9]) 	12[0-7]) 	127	=IF(CONCAT(E18:G18)="","",UNICHAR(34)&H18&" "&I18&" "&J18&UNICHAR(34)&" ) case "&UNICHAR(34)&"$data2"&UNICHAR(34)&" in ")	=IF(ISBLANK(E18),"",L18)	=IF(ISBLANK(E18),"",LOOKUP(E18,$Actions.$B$2:$Actions.$B$1107,$Actions.$D$2:$Actions.$D$1107)&";;  ")	=IF(ISBLANK(F18),"",M18)	=IF(ISBLANK(F18),"",LOOKUP(F18,$Actions.$B$2:$Actions.$B$1107,$Actions.$D$2:$Actions.$D$1107)&";;  ")	=IF(ISBLANK(G18),"",N18)	=IF(ISBLANK(G18),"",LOOKUP(G18,$Actions.$B$2:$Actions.$B$1107,$Actions.$D$2:$Actions.$D$1107)&";; ")	=IF(CONCAT(E18:G18)="","","esac ;;  "&UNICHAR(13)&UNICHAR(10))
			E0	Little y	Big Y	Semicolon	on	0	16	1	[1-9]|1[0-9]|2[0-4]) 	2[5-9]|[3-9][0-9]|1[0-1][0-9]) 	12[0-7]) 	127	=IF(CONCAT(E19:G19)="","",UNICHAR(34)&H19&" "&I19&" "&J19&UNICHAR(34)&" ) case "&UNICHAR(34)&"$data2"&UNICHAR(34)&" in ")	=IF(ISBLANK(E19),"",L19)	=IF(ISBLANK(E19),"",LOOKUP(E19,$Actions.$B$2:$Actions.$B$1107,$Actions.$D$2:$Actions.$D$1107)&";;  ")	=IF(ISBLANK(F19),"",M19)	=IF(ISBLANK(F19),"",LOOKUP(F19,$Actions.$B$2:$Actions.$B$1107,$Actions.$D$2:$Actions.$D$1107)&";;  ")	=IF(ISBLANK(G19),"",N19)	=IF(ISBLANK(G19),"",LOOKUP(G19,$Actions.$B$2:$Actions.$B$1107,$Actions.$D$2:$Actions.$D$1107)&";; ")	=IF(CONCAT(E19:G19)="","","esac ;;  "&UNICHAR(13)&UNICHAR(10))
			F0	Backspace	Backspace	Delete	on	0	17	1	[1-9]|1[0-9]|2[0-4]) 	2[5-9]|[3-9][0-9]|1[0-1][0-9]) 	12[0-7]) 	127	=IF(CONCAT(E20:G20)="","",UNICHAR(34)&H20&" "&I20&" "&J20&UNICHAR(34)&" ) case "&UNICHAR(34)&"$data2"&UNICHAR(34)&" in ")	=IF(ISBLANK(E20),"",L20)	=IF(ISBLANK(E20),"",LOOKUP(E20,$Actions.$B$2:$Actions.$B$1107,$Actions.$D$2:$Actions.$D$1107)&";;  ")	=IF(ISBLANK(F20),"",M20)	=IF(ISBLANK(F20),"",LOOKUP(F20,$Actions.$B$2:$Actions.$B$1107,$Actions.$D$2:$Actions.$D$1107)&";;  ")	=IF(ISBLANK(G20),"",N20)	=IF(ISBLANK(G20),"",LOOKUP(G20,$Actions.$B$2:$Actions.$B$1107,$Actions.$D$2:$Actions.$D$1107)&";; ")	=IF(CONCAT(E20:G20)="","","esac ;;  "&UNICHAR(13)&UNICHAR(10))
			F#0	Little z	Big Z	At	on	0	18	1	[1-9]|1[0-9]|2[0-4]) 	2[5-9]|[3-9][0-9]|1[0-1][0-9]) 	12[0-7]) 	127	=IF(CONCAT(E21:G21)="","",UNICHAR(34)&H21&" "&I21&" "&J21&UNICHAR(34)&" ) case "&UNICHAR(34)&"$data2"&UNICHAR(34)&" in ")	=IF(ISBLANK(E21),"",L21)	=IF(ISBLANK(E21),"",LOOKUP(E21,$Actions.$B$2:$Actions.$B$1107,$Actions.$D$2:$Actions.$D$1107)&";;  ")	=IF(ISBLANK(F21),"",M21)	=IF(ISBLANK(F21),"",LOOKUP(F21,$Actions.$B$2:$Actions.$B$1107,$Actions.$D$2:$Actions.$D$1107)&";;  ")	=IF(ISBLANK(G21),"",N21)	=IF(ISBLANK(G21),"",LOOKUP(G21,$Actions.$B$2:$Actions.$B$1107,$Actions.$D$2:$Actions.$D$1107)&";; ")	=IF(CONCAT(E21:G21)="","","esac ;;  "&UNICHAR(13)&UNICHAR(10))
			G0	Cut	Copy	Copy	on	0	19	1	[1-9]|1[0-9]|2[0-4]) 	2[5-9]|[3-9][0-9]|1[0-1][0-9]) 	12[0-7]) 	127	=IF(CONCAT(E22:G22)="","",UNICHAR(34)&H22&" "&I22&" "&J22&UNICHAR(34)&" ) case "&UNICHAR(34)&"$data2"&UNICHAR(34)&" in ")	=IF(ISBLANK(E22),"",L22)	=IF(ISBLANK(E22),"",LOOKUP(E22,$Actions.$B$2:$Actions.$B$1107,$Actions.$D$2:$Actions.$D$1107)&";;  ")	=IF(ISBLANK(F22),"",M22)	=IF(ISBLANK(F22),"",LOOKUP(F22,$Actions.$B$2:$Actions.$B$1107,$Actions.$D$2:$Actions.$D$1107)&";;  ")	=IF(ISBLANK(G22),"",N22)	=IF(ISBLANK(G22),"",LOOKUP(G22,$Actions.$B$2:$Actions.$B$1107,$Actions.$D$2:$Actions.$D$1107)&";; ")	=IF(CONCAT(E22:G22)="","","esac ;;  "&UNICHAR(13)&UNICHAR(10))
			G#0	Little b	Big B	Big B	on	0	20	1	[1-9]|1[0-9]|2[0-4]) 	2[5-9]|[3-9][0-9]|1[0-1][0-9]) 	12[0-7]) 	127	=IF(CONCAT(E23:G23)="","",UNICHAR(34)&H23&" "&I23&" "&J23&UNICHAR(34)&" ) case "&UNICHAR(34)&"$data2"&UNICHAR(34)&" in ")	=IF(ISBLANK(E23),"",L23)	=IF(ISBLANK(E23),"",LOOKUP(E23,$Actions.$B$2:$Actions.$B$1107,$Actions.$D$2:$Actions.$D$1107)&";;  ")	=IF(ISBLANK(F23),"",M23)	=IF(ISBLANK(F23),"",LOOKUP(F23,$Actions.$B$2:$Actions.$B$1107,$Actions.$D$2:$Actions.$D$1107)&";;  ")	=IF(ISBLANK(G23),"",N23)	=IF(ISBLANK(G23),"",LOOKUP(G23,$Actions.$B$2:$Actions.$B$1107,$Actions.$D$2:$Actions.$D$1107)&";; ")	=IF(CONCAT(E23:G23)="","","esac ;;  "&UNICHAR(13)&UNICHAR(10))
			A0	Little f	Big F	Big F	on	0	21	1	[1-9]|1[0-9]|2[0-4]) 	2[5-9]|[3-9][0-9]|1[0-1][0-9]) 	12[0-7]) 	127	=IF(CONCAT(E24:G24)="","",UNICHAR(34)&H24&" "&I24&" "&J24&UNICHAR(34)&" ) case "&UNICHAR(34)&"$data2"&UNICHAR(34)&" in ")	=IF(ISBLANK(E24),"",L24)	=IF(ISBLANK(E24),"",LOOKUP(E24,$Actions.$B$2:$Actions.$B$1107,$Actions.$D$2:$Actions.$D$1107)&";;  ")	=IF(ISBLANK(F24),"",M24)	=IF(ISBLANK(F24),"",LOOKUP(F24,$Actions.$B$2:$Actions.$B$1107,$Actions.$D$2:$Actions.$D$1107)&";;  ")	=IF(ISBLANK(G24),"",N24)	=IF(ISBLANK(G24),"",LOOKUP(G24,$Actions.$B$2:$Actions.$B$1107,$Actions.$D$2:$Actions.$D$1107)&";; ")	=IF(CONCAT(E24:G24)="","","esac ;;  "&UNICHAR(13)&UNICHAR(10))
			A#0	Little d	Big D	Big D	on	0	22	1	[1-9]|1[0-9]|2[0-4]) 	2[5-9]|[3-9][0-9]|1[0-1][0-9]) 	12[0-7]) 	127	=IF(CONCAT(E25:G25)="","",UNICHAR(34)&H25&" "&I25&" "&J25&UNICHAR(34)&" ) case "&UNICHAR(34)&"$data2"&UNICHAR(34)&" in ")	=IF(ISBLANK(E25),"",L25)	=IF(ISBLANK(E25),"",LOOKUP(E25,$Actions.$B$2:$Actions.$B$1107,$Actions.$D$2:$Actions.$D$1107)&";;  ")	=IF(ISBLANK(F25),"",M25)	=IF(ISBLANK(F25),"",LOOKUP(F25,$Actions.$B$2:$Actions.$B$1107,$Actions.$D$2:$Actions.$D$1107)&";;  ")	=IF(ISBLANK(G25),"",N25)	=IF(ISBLANK(G25),"",LOOKUP(G25,$Actions.$B$2:$Actions.$B$1107,$Actions.$D$2:$Actions.$D$1107)&";; ")	=IF(CONCAT(E25:G25)="","","esac ;;  "&UNICHAR(13)&UNICHAR(10))
			B0	Space	Space	Space	on	0	23	1	[1-9]|1[0-9]|2[0-4]) 	2[5-9]|[3-9][0-9]|1[0-1][0-9]) 	12[0-7]) 	127	=IF(CONCAT(E26:G26)="","",UNICHAR(34)&H26&" "&I26&" "&J26&UNICHAR(34)&" ) case "&UNICHAR(34)&"$data2"&UNICHAR(34)&" in ")	=IF(ISBLANK(E26),"",L26)	=IF(ISBLANK(E26),"",LOOKUP(E26,$Actions.$B$2:$Actions.$B$1107,$Actions.$D$2:$Actions.$D$1107)&";;  ")	=IF(ISBLANK(F26),"",M26)	=IF(ISBLANK(F26),"",LOOKUP(F26,$Actions.$B$2:$Actions.$B$1107,$Actions.$D$2:$Actions.$D$1107)&";;  ")	=IF(ISBLANK(G26),"",N26)	=IF(ISBLANK(G26),"",LOOKUP(G26,$Actions.$B$2:$Actions.$B$1107,$Actions.$D$2:$Actions.$D$1107)&";; ")	=IF(CONCAT(E26:G26)="","","esac ;;  "&UNICHAR(13)&UNICHAR(10))
			C1	Little g	Big G	Big G	on	0	24	1	[1-9]|1[0-9]|2[0-4]) 	2[5-9]|[3-9][0-9]|1[0-1][0-9]) 	12[0-7]) 	127	=IF(CONCAT(E27:G27)="","",UNICHAR(34)&H27&" "&I27&" "&J27&UNICHAR(34)&" ) case "&UNICHAR(34)&"$data2"&UNICHAR(34)&" in ")	=IF(ISBLANK(E27),"",L27)	=IF(ISBLANK(E27),"",LOOKUP(E27,$Actions.$B$2:$Actions.$B$1107,$Actions.$D$2:$Actions.$D$1107)&";;  ")	=IF(ISBLANK(F27),"",M27)	=IF(ISBLANK(F27),"",LOOKUP(F27,$Actions.$B$2:$Actions.$B$1107,$Actions.$D$2:$Actions.$D$1107)&";;  ")	=IF(ISBLANK(G27),"",N27)	=IF(ISBLANK(G27),"",LOOKUP(G27,$Actions.$B$2:$Actions.$B$1107,$Actions.$D$2:$Actions.$D$1107)&";; ")	=IF(CONCAT(E27:G27)="","","esac ;;  "&UNICHAR(13)&UNICHAR(10))
			C#1	Little h	Big H	Big H	on	0	25	1	[1-9]|1[0-9]|2[0-4]) 	2[5-9]|[3-9][0-9]|1[0-1][0-9]) 	12[0-7]) 	127	=IF(CONCAT(E28:G28)="","",UNICHAR(34)&H28&" "&I28&" "&J28&UNICHAR(34)&" ) case "&UNICHAR(34)&"$data2"&UNICHAR(34)&" in ")	=IF(ISBLANK(E28),"",L28)	=IF(ISBLANK(E28),"",LOOKUP(E28,$Actions.$B$2:$Actions.$B$1107,$Actions.$D$2:$Actions.$D$1107)&";;  ")	=IF(ISBLANK(F28),"",M28)	=IF(ISBLANK(F28),"",LOOKUP(F28,$Actions.$B$2:$Actions.$B$1107,$Actions.$D$2:$Actions.$D$1107)&";;  ")	=IF(ISBLANK(G28),"",N28)	=IF(ISBLANK(G28),"",LOOKUP(G28,$Actions.$B$2:$Actions.$B$1107,$Actions.$D$2:$Actions.$D$1107)&";; ")	=IF(CONCAT(E28:G28)="","","esac ;;  "&UNICHAR(13)&UNICHAR(10))
			D1	Little c	Big C	Big C	on	0	26	1	[1-9]|1[0-9]|2[0-4]) 	2[5-9]|[3-9][0-9]|1[0-1][0-9]) 	12[0-7]) 	127	=IF(CONCAT(E29:G29)="","",UNICHAR(34)&H29&" "&I29&" "&J29&UNICHAR(34)&" ) case "&UNICHAR(34)&"$data2"&UNICHAR(34)&" in ")	=IF(ISBLANK(E29),"",L29)	=IF(ISBLANK(E29),"",LOOKUP(E29,$Actions.$B$2:$Actions.$B$1107,$Actions.$D$2:$Actions.$D$1107)&";;  ")	=IF(ISBLANK(F29),"",M29)	=IF(ISBLANK(F29),"",LOOKUP(F29,$Actions.$B$2:$Actions.$B$1107,$Actions.$D$2:$Actions.$D$1107)&";;  ")	=IF(ISBLANK(G29),"",N29)	=IF(ISBLANK(G29),"",LOOKUP(G29,$Actions.$B$2:$Actions.$B$1107,$Actions.$D$2:$Actions.$D$1107)&";; ")	=IF(CONCAT(E29:G29)="","","esac ;;  "&UNICHAR(13)&UNICHAR(10))
			D#1	Little t	Big T	Big T	on	0	27	1	[1-9]|1[0-9]|2[0-4]) 	2[5-9]|[3-9][0-9]|1[0-1][0-9]) 	12[0-7]) 	127	=IF(CONCAT(E30:G30)="","",UNICHAR(34)&H30&" "&I30&" "&J30&UNICHAR(34)&" ) case "&UNICHAR(34)&"$data2"&UNICHAR(34)&" in ")	=IF(ISBLANK(E30),"",L30)	=IF(ISBLANK(E30),"",LOOKUP(E30,$Actions.$B$2:$Actions.$B$1107,$Actions.$D$2:$Actions.$D$1107)&";;  ")	=IF(ISBLANK(F30),"",M30)	=IF(ISBLANK(F30),"",LOOKUP(F30,$Actions.$B$2:$Actions.$B$1107,$Actions.$D$2:$Actions.$D$1107)&";;  ")	=IF(ISBLANK(G30),"",N30)	=IF(ISBLANK(G30),"",LOOKUP(G30,$Actions.$B$2:$Actions.$B$1107,$Actions.$D$2:$Actions.$D$1107)&";; ")	=IF(CONCAT(E30:G30)="","","esac ;;  "&UNICHAR(13)&UNICHAR(10))
			E1	Little m	Big M	Big M	on	0	28	1	[1-9]|1[0-9]|2[0-4]) 	2[5-9]|[3-9][0-9]|1[0-1][0-9]) 	12[0-7]) 	127	=IF(CONCAT(E31:G31)="","",UNICHAR(34)&H31&" "&I31&" "&J31&UNICHAR(34)&" ) case "&UNICHAR(34)&"$data2"&UNICHAR(34)&" in ")	=IF(ISBLANK(E31),"",L31)	=IF(ISBLANK(E31),"",LOOKUP(E31,$Actions.$B$2:$Actions.$B$1107,$Actions.$D$2:$Actions.$D$1107)&";;  ")	=IF(ISBLANK(F31),"",M31)	=IF(ISBLANK(F31),"",LOOKUP(F31,$Actions.$B$2:$Actions.$B$1107,$Actions.$D$2:$Actions.$D$1107)&";;  ")	=IF(ISBLANK(G31),"",N31)	=IF(ISBLANK(G31),"",LOOKUP(G31,$Actions.$B$2:$Actions.$B$1107,$Actions.$D$2:$Actions.$D$1107)&";; ")	=IF(CONCAT(E31:G31)="","","esac ;;  "&UNICHAR(13)&UNICHAR(10))
			F1	Little v	Big V	Big V	on	0	29	1	[1-9]|1[0-9]|2[0-4]) 	2[5-9]|[3-9][0-9]|1[0-1][0-9]) 	12[0-7]) 	127	=IF(CONCAT(E32:G32)="","",UNICHAR(34)&H32&" "&I32&" "&J32&UNICHAR(34)&" ) case "&UNICHAR(34)&"$data2"&UNICHAR(34)&" in ")	=IF(ISBLANK(E32),"",L32)	=IF(ISBLANK(E32),"",LOOKUP(E32,$Actions.$B$2:$Actions.$B$1107,$Actions.$D$2:$Actions.$D$1107)&";;  ")	=IF(ISBLANK(F32),"",M32)	=IF(ISBLANK(F32),"",LOOKUP(F32,$Actions.$B$2:$Actions.$B$1107,$Actions.$D$2:$Actions.$D$1107)&";;  ")	=IF(ISBLANK(G32),"",N32)	=IF(ISBLANK(G32),"",LOOKUP(G32,$Actions.$B$2:$Actions.$B$1107,$Actions.$D$2:$Actions.$D$1107)&";; ")	=IF(CONCAT(E32:G32)="","","esac ;;  "&UNICHAR(13)&UNICHAR(10))
			F#1	Little n	Big N	Big N	on	0	30	1	[1-9]|1[0-9]|2[0-4]) 	2[5-9]|[3-9][0-9]|1[0-1][0-9]) 	12[0-7]) 	127	=IF(CONCAT(E33:G33)="","",UNICHAR(34)&H33&" "&I33&" "&J33&UNICHAR(34)&" ) case "&UNICHAR(34)&"$data2"&UNICHAR(34)&" in ")	=IF(ISBLANK(E33),"",L33)	=IF(ISBLANK(E33),"",LOOKUP(E33,$Actions.$B$2:$Actions.$B$1107,$Actions.$D$2:$Actions.$D$1107)&";;  ")	=IF(ISBLANK(F33),"",M33)	=IF(ISBLANK(F33),"",LOOKUP(F33,$Actions.$B$2:$Actions.$B$1107,$Actions.$D$2:$Actions.$D$1107)&";;  ")	=IF(ISBLANK(G33),"",N33)	=IF(ISBLANK(G33),"",LOOKUP(G33,$Actions.$B$2:$Actions.$B$1107,$Actions.$D$2:$Actions.$D$1107)&";; ")	=IF(CONCAT(E33:G33)="","","esac ;;  "&UNICHAR(13)&UNICHAR(10))
			G1	Little r	Big R	Big R	on	0	31	1	[1-9]|1[0-9]|2[0-4]) 	2[5-9]|[3-9][0-9]|1[0-1][0-9]) 	12[0-7]) 	127	=IF(CONCAT(E34:G34)="","",UNICHAR(34)&H34&" "&I34&" "&J34&UNICHAR(34)&" ) case "&UNICHAR(34)&"$data2"&UNICHAR(34)&" in ")	=IF(ISBLANK(E34),"",L34)	=IF(ISBLANK(E34),"",LOOKUP(E34,$Actions.$B$2:$Actions.$B$1107,$Actions.$D$2:$Actions.$D$1107)&";;  ")	=IF(ISBLANK(F34),"",M34)	=IF(ISBLANK(F34),"",LOOKUP(F34,$Actions.$B$2:$Actions.$B$1107,$Actions.$D$2:$Actions.$D$1107)&";;  ")	=IF(ISBLANK(G34),"",N34)	=IF(ISBLANK(G34),"",LOOKUP(G34,$Actions.$B$2:$Actions.$B$1107,$Actions.$D$2:$Actions.$D$1107)&";; ")	=IF(CONCAT(E34:G34)="","","esac ;;  "&UNICHAR(13)&UNICHAR(10))
			G#1	Little s	Big S	Big S	on	0	32	1	[1-9]|1[0-9]|2[0-4]) 	2[5-9]|[3-9][0-9]|1[0-1][0-9]) 	12[0-7]) 	127	=IF(CONCAT(E35:G35)="","",UNICHAR(34)&H35&" "&I35&" "&J35&UNICHAR(34)&" ) case "&UNICHAR(34)&"$data2"&UNICHAR(34)&" in ")	=IF(ISBLANK(E35),"",L35)	=IF(ISBLANK(E35),"",LOOKUP(E35,$Actions.$B$2:$Actions.$B$1107,$Actions.$D$2:$Actions.$D$1107)&";;  ")	=IF(ISBLANK(F35),"",M35)	=IF(ISBLANK(F35),"",LOOKUP(F35,$Actions.$B$2:$Actions.$B$1107,$Actions.$D$2:$Actions.$D$1107)&";;  ")	=IF(ISBLANK(G35),"",N35)	=IF(ISBLANK(G35),"",LOOKUP(G35,$Actions.$B$2:$Actions.$B$1107,$Actions.$D$2:$Actions.$D$1107)&";; ")	=IF(CONCAT(E35:G35)="","","esac ;;  "&UNICHAR(13)&UNICHAR(10))
			A1	Little l	Big L	Big L	on	0	33	1	[1-9]|1[0-9]|2[0-4]) 	2[5-9]|[3-9][0-9]|1[0-1][0-9]) 	12[0-7]) 	127	=IF(CONCAT(E36:G36)="","",UNICHAR(34)&H36&" "&I36&" "&J36&UNICHAR(34)&" ) case "&UNICHAR(34)&"$data2"&UNICHAR(34)&" in ")	=IF(ISBLANK(E36),"",L36)	=IF(ISBLANK(E36),"",LOOKUP(E36,$Actions.$B$2:$Actions.$B$1107,$Actions.$D$2:$Actions.$D$1107)&";;  ")	=IF(ISBLANK(F36),"",M36)	=IF(ISBLANK(F36),"",LOOKUP(F36,$Actions.$B$2:$Actions.$B$1107,$Actions.$D$2:$Actions.$D$1107)&";;  ")	=IF(ISBLANK(G36),"",N36)	=IF(ISBLANK(G36),"",LOOKUP(G36,$Actions.$B$2:$Actions.$B$1107,$Actions.$D$2:$Actions.$D$1107)&";; ")	=IF(CONCAT(E36:G36)="","","esac ;;  "&UNICHAR(13)&UNICHAR(10))
			A#1	Little v	Big V	Big V	on	0	34	1	[1-9]|1[0-9]|2[0-4]) 	2[5-9]|[3-9][0-9]|1[0-1][0-9]) 	12[0-7]) 	127	=IF(CONCAT(E37:G37)="","",UNICHAR(34)&H37&" "&I37&" "&J37&UNICHAR(34)&" ) case "&UNICHAR(34)&"$data2"&UNICHAR(34)&" in ")	=IF(ISBLANK(E37),"",L37)	=IF(ISBLANK(E37),"",LOOKUP(E37,$Actions.$B$2:$Actions.$B$1107,$Actions.$D$2:$Actions.$D$1107)&";;  ")	=IF(ISBLANK(F37),"",M37)	=IF(ISBLANK(F37),"",LOOKUP(F37,$Actions.$B$2:$Actions.$B$1107,$Actions.$D$2:$Actions.$D$1107)&";;  ")	=IF(ISBLANK(G37),"",N37)	=IF(ISBLANK(G37),"",LOOKUP(G37,$Actions.$B$2:$Actions.$B$1107,$Actions.$D$2:$Actions.$D$1107)&";; ")	=IF(CONCAT(E37:G37)="","","esac ;;  "&UNICHAR(13)&UNICHAR(10))
			B1	Little w	Big W	Big W	on	0	35	1	[1-9]|1[0-9]|2[0-4]) 	2[5-9]|[3-9][0-9]|1[0-1][0-9]) 	12[0-7]) 	127	=IF(CONCAT(E38:G38)="","",UNICHAR(34)&H38&" "&I38&" "&J38&UNICHAR(34)&" ) case "&UNICHAR(34)&"$data2"&UNICHAR(34)&" in ")	=IF(ISBLANK(E38),"",L38)	=IF(ISBLANK(E38),"",LOOKUP(E38,$Actions.$B$2:$Actions.$B$1107,$Actions.$D$2:$Actions.$D$1107)&";;  ")	=IF(ISBLANK(F38),"",M38)	=IF(ISBLANK(F38),"",LOOKUP(F38,$Actions.$B$2:$Actions.$B$1107,$Actions.$D$2:$Actions.$D$1107)&";;  ")	=IF(ISBLANK(G38),"",N38)	=IF(ISBLANK(G38),"",LOOKUP(G38,$Actions.$B$2:$Actions.$B$1107,$Actions.$D$2:$Actions.$D$1107)&";; ")	=IF(CONCAT(E38:G38)="","","esac ;;  "&UNICHAR(13)&UNICHAR(10))
			C2	Enter	Enter	Enter	on	0	36	1	[1-9]|1[0-9]|2[0-4]) 	2[5-9]|[3-9][0-9]|1[0-1][0-9]) 	12[0-7]) 	127	=IF(CONCAT(E39:G39)="","",UNICHAR(34)&H39&" "&I39&" "&J39&UNICHAR(34)&" ) case "&UNICHAR(34)&"$data2"&UNICHAR(34)&" in ")	=IF(ISBLANK(E39),"",L39)	=IF(ISBLANK(E39),"",LOOKUP(E39,$Actions.$B$2:$Actions.$B$1107,$Actions.$D$2:$Actions.$D$1107)&";;  ")	=IF(ISBLANK(F39),"",M39)	=IF(ISBLANK(F39),"",LOOKUP(F39,$Actions.$B$2:$Actions.$B$1107,$Actions.$D$2:$Actions.$D$1107)&";;  ")	=IF(ISBLANK(G39),"",N39)	=IF(ISBLANK(G39),"",LOOKUP(G39,$Actions.$B$2:$Actions.$B$1107,$Actions.$D$2:$Actions.$D$1107)&";; ")	=IF(CONCAT(E39:G39)="","","esac ;;  "&UNICHAR(13)&UNICHAR(10))
			C#2	Escape	Escape	Escape	on	0	37	1	[1-9]|1[0-9]|2[0-4]) 	2[5-9]|[3-9][0-9]|1[0-1][0-9]) 	12[0-7]) 	127	=IF(CONCAT(E40:G40)="","",UNICHAR(34)&H40&" "&I40&" "&J40&UNICHAR(34)&" ) case "&UNICHAR(34)&"$data2"&UNICHAR(34)&" in ")	=IF(ISBLANK(E40),"",L40)	=IF(ISBLANK(E40),"",LOOKUP(E40,$Actions.$B$2:$Actions.$B$1107,$Actions.$D$2:$Actions.$D$1107)&";;  ")	=IF(ISBLANK(F40),"",M40)	=IF(ISBLANK(F40),"",LOOKUP(F40,$Actions.$B$2:$Actions.$B$1107,$Actions.$D$2:$Actions.$D$1107)&";;  ")	=IF(ISBLANK(G40),"",N40)	=IF(ISBLANK(G40),"",LOOKUP(G40,$Actions.$B$2:$Actions.$B$1107,$Actions.$D$2:$Actions.$D$1107)&";; ")	=IF(CONCAT(E40:G40)="","","esac ;;  "&UNICHAR(13)&UNICHAR(10))
			D2	Alt P	Shift Alt P	Control Alt P	on	0	38	1	[1-9]|1[0-9]|2[0-4]) 	2[5-9]|[3-9][0-9]|1[0-1][0-9]) 	12[0-7]) 	127	=IF(CONCAT(E41:G41)="","",UNICHAR(34)&H41&" "&I41&" "&J41&UNICHAR(34)&" ) case "&UNICHAR(34)&"$data2"&UNICHAR(34)&" in ")	=IF(ISBLANK(E41),"",L41)	=IF(ISBLANK(E41),"",LOOKUP(E41,$Actions.$B$2:$Actions.$B$1107,$Actions.$D$2:$Actions.$D$1107)&";;  ")	=IF(ISBLANK(F41),"",M41)	=IF(ISBLANK(F41),"",LOOKUP(F41,$Actions.$B$2:$Actions.$B$1107,$Actions.$D$2:$Actions.$D$1107)&";;  ")	=IF(ISBLANK(G41),"",N41)	=IF(ISBLANK(G41),"",LOOKUP(G41,$Actions.$B$2:$Actions.$B$1107,$Actions.$D$2:$Actions.$D$1107)&";; ")	=IF(CONCAT(E41:G41)="","","esac ;;  "&UNICHAR(13)&UNICHAR(10))
			D#2	Alt Tilde	Shift Alt Tilde	Control Alt Tilde	on	0	39	1	[1-9]|1[0-9]|2[0-4]) 	2[5-9]|[3-9][0-9]|1[0-1][0-9]) 	12[0-7]) 	127	=IF(CONCAT(E42:G42)="","",UNICHAR(34)&H42&" "&I42&" "&J42&UNICHAR(34)&" ) case "&UNICHAR(34)&"$data2"&UNICHAR(34)&" in ")	=IF(ISBLANK(E42),"",L42)	=IF(ISBLANK(E42),"",LOOKUP(E42,$Actions.$B$2:$Actions.$B$1107,$Actions.$D$2:$Actions.$D$1107)&";;  ")	=IF(ISBLANK(F42),"",M42)	=IF(ISBLANK(F42),"",LOOKUP(F42,$Actions.$B$2:$Actions.$B$1107,$Actions.$D$2:$Actions.$D$1107)&";;  ")	=IF(ISBLANK(G42),"",N42)	=IF(ISBLANK(G42),"",LOOKUP(G42,$Actions.$B$2:$Actions.$B$1107,$Actions.$D$2:$Actions.$D$1107)&";; ")	=IF(CONCAT(E42:G42)="","","esac ;;  "&UNICHAR(13)&UNICHAR(10))
			E2	Alt Q	Shift Alt Q	Control Alt Q	on	0	40	1	[1-9]|1[0-9]|2[0-4]) 	2[5-9]|[3-9][0-9]|1[0-1][0-9]) 	12[0-7]) 	127	=IF(CONCAT(E43:G43)="","",UNICHAR(34)&H43&" "&I43&" "&J43&UNICHAR(34)&" ) case "&UNICHAR(34)&"$data2"&UNICHAR(34)&" in ")	=IF(ISBLANK(E43),"",L43)	=IF(ISBLANK(E43),"",LOOKUP(E43,$Actions.$B$2:$Actions.$B$1107,$Actions.$D$2:$Actions.$D$1107)&";;  ")	=IF(ISBLANK(F43),"",M43)	=IF(ISBLANK(F43),"",LOOKUP(F43,$Actions.$B$2:$Actions.$B$1107,$Actions.$D$2:$Actions.$D$1107)&";;  ")	=IF(ISBLANK(G43),"",N43)	=IF(ISBLANK(G43),"",LOOKUP(G43,$Actions.$B$2:$Actions.$B$1107,$Actions.$D$2:$Actions.$D$1107)&";; ")	=IF(CONCAT(E43:G43)="","","esac ;;  "&UNICHAR(13)&UNICHAR(10))
	MidiMacros		F2	Alt R	Shift Alt R	Control Alt R	on	0	41	1	[1-9]|1[0-9]|2[0-4]) 	2[5-9]|[3-9][0-9]|1[0-1][0-9]) 	12[0-7]) 	127	=IF(CONCAT(E44:G44)="","",UNICHAR(34)&H44&" "&I44&" "&J44&UNICHAR(34)&" ) case "&UNICHAR(34)&"$data2"&UNICHAR(34)&" in ")	=IF(ISBLANK(E44),"",L44)	=IF(ISBLANK(E44),"",LOOKUP(E44,$Actions.$B$2:$Actions.$B$1107,$Actions.$D$2:$Actions.$D$1107)&";;  ")	=IF(ISBLANK(F44),"",M44)	=IF(ISBLANK(F44),"",LOOKUP(F44,$Actions.$B$2:$Actions.$B$1107,$Actions.$D$2:$Actions.$D$1107)&";;  ")	=IF(ISBLANK(G44),"",N44)	=IF(ISBLANK(G44),"",LOOKUP(G44,$Actions.$B$2:$Actions.$B$1107,$Actions.$D$2:$Actions.$D$1107)&";; ")	=IF(CONCAT(E44:G44)="","","esac ;;  "&UNICHAR(13)&UNICHAR(10))
			F#2	Alt 1	Shift Alt 1	Control Alt 1	on	0	42	1	[1-9]|1[0-9]|2[0-4]) 	2[5-9]|[3-9][0-9]|1[0-1][0-9]) 	12[0-7]) 	127	=IF(CONCAT(E45:G45)="","",UNICHAR(34)&H45&" "&I45&" "&J45&UNICHAR(34)&" ) case "&UNICHAR(34)&"$data2"&UNICHAR(34)&" in ")	=IF(ISBLANK(E45),"",L45)	=IF(ISBLANK(E45),"",LOOKUP(E45,$Actions.$B$2:$Actions.$B$1107,$Actions.$D$2:$Actions.$D$1107)&";;  ")	=IF(ISBLANK(F45),"",M45)	=IF(ISBLANK(F45),"",LOOKUP(F45,$Actions.$B$2:$Actions.$B$1107,$Actions.$D$2:$Actions.$D$1107)&";;  ")	=IF(ISBLANK(G45),"",N45)	=IF(ISBLANK(G45),"",LOOKUP(G45,$Actions.$B$2:$Actions.$B$1107,$Actions.$D$2:$Actions.$D$1107)&";; ")	=IF(CONCAT(E45:G45)="","","esac ;;  "&UNICHAR(13)&UNICHAR(10))
			G2	Alt S	Shift Alt S	Control Alt S	on	0	43	1	[1-9]|1[0-9]|2[0-4]) 	2[5-9]|[3-9][0-9]|1[0-1][0-9]) 	12[0-7]) 	127	=IF(CONCAT(E46:G46)="","",UNICHAR(34)&H46&" "&I46&" "&J46&UNICHAR(34)&" ) case "&UNICHAR(34)&"$data2"&UNICHAR(34)&" in ")	=IF(ISBLANK(E46),"",L46)	=IF(ISBLANK(E46),"",LOOKUP(E46,$Actions.$B$2:$Actions.$B$1107,$Actions.$D$2:$Actions.$D$1107)&";;  ")	=IF(ISBLANK(F46),"",M46)	=IF(ISBLANK(F46),"",LOOKUP(F46,$Actions.$B$2:$Actions.$B$1107,$Actions.$D$2:$Actions.$D$1107)&";;  ")	=IF(ISBLANK(G46),"",N46)	=IF(ISBLANK(G46),"",LOOKUP(G46,$Actions.$B$2:$Actions.$B$1107,$Actions.$D$2:$Actions.$D$1107)&";; ")	=IF(CONCAT(E46:G46)="","","esac ;;  "&UNICHAR(13)&UNICHAR(10))
			G#2	Alt 2	Shift Alt 2	Control Alt 2	on	0	44	1	[1-9]|1[0-9]|2[0-4]) 	2[5-9]|[3-9][0-9]|1[0-1][0-9]) 	12[0-7]) 	127	=IF(CONCAT(E47:G47)="","",UNICHAR(34)&H47&" "&I47&" "&J47&UNICHAR(34)&" ) case "&UNICHAR(34)&"$data2"&UNICHAR(34)&" in ")	=IF(ISBLANK(E47),"",L47)	=IF(ISBLANK(E47),"",LOOKUP(E47,$Actions.$B$2:$Actions.$B$1107,$Actions.$D$2:$Actions.$D$1107)&";;  ")	=IF(ISBLANK(F47),"",M47)	=IF(ISBLANK(F47),"",LOOKUP(F47,$Actions.$B$2:$Actions.$B$1107,$Actions.$D$2:$Actions.$D$1107)&";;  ")	=IF(ISBLANK(G47),"",N47)	=IF(ISBLANK(G47),"",LOOKUP(G47,$Actions.$B$2:$Actions.$B$1107,$Actions.$D$2:$Actions.$D$1107)&";; ")	=IF(CONCAT(E47:G47)="","","esac ;;  "&UNICHAR(13)&UNICHAR(10))
			A2	Alt A	Shift Alt A	Control Alt A	on	0	45	1	[1-9]|1[0-9]|2[0-4]) 	2[5-9]|[3-9][0-9]|1[0-1][0-9]) 	12[0-7]) 	127	=IF(CONCAT(E48:G48)="","",UNICHAR(34)&H48&" "&I48&" "&J48&UNICHAR(34)&" ) case "&UNICHAR(34)&"$data2"&UNICHAR(34)&" in ")	=IF(ISBLANK(E48),"",L48)	=IF(ISBLANK(E48),"",LOOKUP(E48,$Actions.$B$2:$Actions.$B$1107,$Actions.$D$2:$Actions.$D$1107)&";;  ")	=IF(ISBLANK(F48),"",M48)	=IF(ISBLANK(F48),"",LOOKUP(F48,$Actions.$B$2:$Actions.$B$1107,$Actions.$D$2:$Actions.$D$1107)&";;  ")	=IF(ISBLANK(G48),"",N48)	=IF(ISBLANK(G48),"",LOOKUP(G48,$Actions.$B$2:$Actions.$B$1107,$Actions.$D$2:$Actions.$D$1107)&";; ")	=IF(CONCAT(E48:G48)="","","esac ;;  "&UNICHAR(13)&UNICHAR(10))
			A#2	Alt 3	Shift Alt 3	Control Alt 3	on	0	46	1	[1-9]|1[0-9]|2[0-4]) 	2[5-9]|[3-9][0-9]|1[0-1][0-9]) 	12[0-7]) 	127	=IF(CONCAT(E49:G49)="","",UNICHAR(34)&H49&" "&I49&" "&J49&UNICHAR(34)&" ) case "&UNICHAR(34)&"$data2"&UNICHAR(34)&" in ")	=IF(ISBLANK(E49),"",L49)	=IF(ISBLANK(E49),"",LOOKUP(E49,$Actions.$B$2:$Actions.$B$1107,$Actions.$D$2:$Actions.$D$1107)&";;  ")	=IF(ISBLANK(F49),"",M49)	=IF(ISBLANK(F49),"",LOOKUP(F49,$Actions.$B$2:$Actions.$B$1107,$Actions.$D$2:$Actions.$D$1107)&";;  ")	=IF(ISBLANK(G49),"",N49)	=IF(ISBLANK(G49),"",LOOKUP(G49,$Actions.$B$2:$Actions.$B$1107,$Actions.$D$2:$Actions.$D$1107)&";; ")	=IF(CONCAT(E49:G49)="","","esac ;;  "&UNICHAR(13)&UNICHAR(10))
			B2	Alt B	Shift Alt B	Control Alt B	on	0	47	1	[1-9]|1[0-9]|2[0-4]) 	2[5-9]|[3-9][0-9]|1[0-1][0-9]) 	12[0-7]) 	127	=IF(CONCAT(E50:G50)="","",UNICHAR(34)&H50&" "&I50&" "&J50&UNICHAR(34)&" ) case "&UNICHAR(34)&"$data2"&UNICHAR(34)&" in ")	=IF(ISBLANK(E50),"",L50)	=IF(ISBLANK(E50),"",LOOKUP(E50,$Actions.$B$2:$Actions.$B$1107,$Actions.$D$2:$Actions.$D$1107)&";;  ")	=IF(ISBLANK(F50),"",M50)	=IF(ISBLANK(F50),"",LOOKUP(F50,$Actions.$B$2:$Actions.$B$1107,$Actions.$D$2:$Actions.$D$1107)&";;  ")	=IF(ISBLANK(G50),"",N50)	=IF(ISBLANK(G50),"",LOOKUP(G50,$Actions.$B$2:$Actions.$B$1107,$Actions.$D$2:$Actions.$D$1107)&";; ")	=IF(CONCAT(E50:G50)="","","esac ;;  "&UNICHAR(13)&UNICHAR(10))
			C3	Alt C	Shift Alt C	Control Alt C	on	0	48	1	[1-9]|1[0-9]|2[0-4]) 	2[5-9]|[3-9][0-9]|1[0-1][0-9]) 	12[0-7]) 	127	=IF(CONCAT(E51:G51)="","",UNICHAR(34)&H51&" "&I51&" "&J51&UNICHAR(34)&" ) case "&UNICHAR(34)&"$data2"&UNICHAR(34)&" in ")	=IF(ISBLANK(E51),"",L51)	=IF(ISBLANK(E51),"",LOOKUP(E51,$Actions.$B$2:$Actions.$B$1107,$Actions.$D$2:$Actions.$D$1107)&";;  ")	=IF(ISBLANK(F51),"",M51)	=IF(ISBLANK(F51),"",LOOKUP(F51,$Actions.$B$2:$Actions.$B$1107,$Actions.$D$2:$Actions.$D$1107)&";;  ")	=IF(ISBLANK(G51),"",N51)	=IF(ISBLANK(G51),"",LOOKUP(G51,$Actions.$B$2:$Actions.$B$1107,$Actions.$D$2:$Actions.$D$1107)&";; ")	=IF(CONCAT(E51:G51)="","","esac ;;  "&UNICHAR(13)&UNICHAR(10))
			C#3	Alt 4	Shift Alt 4	Control Alt 4	on	0	49	1	[1-9]|1[0-9]|2[0-4]) 	2[5-9]|[3-9][0-9]|1[0-1][0-9]) 	12[0-7]) 	127	=IF(CONCAT(E52:G52)="","",UNICHAR(34)&H52&" "&I52&" "&J52&UNICHAR(34)&" ) case "&UNICHAR(34)&"$data2"&UNICHAR(34)&" in ")	=IF(ISBLANK(E52),"",L52)	=IF(ISBLANK(E52),"",LOOKUP(E52,$Actions.$B$2:$Actions.$B$1107,$Actions.$D$2:$Actions.$D$1107)&";;  ")	=IF(ISBLANK(F52),"",M52)	=IF(ISBLANK(F52),"",LOOKUP(F52,$Actions.$B$2:$Actions.$B$1107,$Actions.$D$2:$Actions.$D$1107)&";;  ")	=IF(ISBLANK(G52),"",N52)	=IF(ISBLANK(G52),"",LOOKUP(G52,$Actions.$B$2:$Actions.$B$1107,$Actions.$D$2:$Actions.$D$1107)&";; ")	=IF(CONCAT(E52:G52)="","","esac ;;  "&UNICHAR(13)&UNICHAR(10))
			D3	Alt D	Shift Alt D	Control Alt D	on	0	50	1	[1-9]|1[0-9]|2[0-4]) 	2[5-9]|[3-9][0-9]|1[0-1][0-9]) 	12[0-7]) 	127	=IF(CONCAT(E53:G53)="","",UNICHAR(34)&H53&" "&I53&" "&J53&UNICHAR(34)&" ) case "&UNICHAR(34)&"$data2"&UNICHAR(34)&" in ")	=IF(ISBLANK(E53),"",L53)	=IF(ISBLANK(E53),"",LOOKUP(E53,$Actions.$B$2:$Actions.$B$1107,$Actions.$D$2:$Actions.$D$1107)&";;  ")	=IF(ISBLANK(F53),"",M53)	=IF(ISBLANK(F53),"",LOOKUP(F53,$Actions.$B$2:$Actions.$B$1107,$Actions.$D$2:$Actions.$D$1107)&";;  ")	=IF(ISBLANK(G53),"",N53)	=IF(ISBLANK(G53),"",LOOKUP(G53,$Actions.$B$2:$Actions.$B$1107,$Actions.$D$2:$Actions.$D$1107)&";; ")	=IF(CONCAT(E53:G53)="","","esac ;;  "&UNICHAR(13)&UNICHAR(10))
			D#3	Alt 5	Shift Alt 5	Control Alt 5	on	0	51	1	[1-9]|1[0-9]|2[0-4]) 	2[5-9]|[3-9][0-9]|1[0-1][0-9]) 	12[0-7]) 	127	=IF(CONCAT(E54:G54)="","",UNICHAR(34)&H54&" "&I54&" "&J54&UNICHAR(34)&" ) case "&UNICHAR(34)&"$data2"&UNICHAR(34)&" in ")	=IF(ISBLANK(E54),"",L54)	=IF(ISBLANK(E54),"",LOOKUP(E54,$Actions.$B$2:$Actions.$B$1107,$Actions.$D$2:$Actions.$D$1107)&";;  ")	=IF(ISBLANK(F54),"",M54)	=IF(ISBLANK(F54),"",LOOKUP(F54,$Actions.$B$2:$Actions.$B$1107,$Actions.$D$2:$Actions.$D$1107)&";;  ")	=IF(ISBLANK(G54),"",N54)	=IF(ISBLANK(G54),"",LOOKUP(G54,$Actions.$B$2:$Actions.$B$1107,$Actions.$D$2:$Actions.$D$1107)&";; ")	=IF(CONCAT(E54:G54)="","","esac ;;  "&UNICHAR(13)&UNICHAR(10))
			E3	Alt E	Shift Alt E	Control Alt E	on	0	52	1	[1-9]|1[0-9]|2[0-4]) 	2[5-9]|[3-9][0-9]|1[0-1][0-9]) 	12[0-7]) 	127	=IF(CONCAT(E55:G55)="","",UNICHAR(34)&H55&" "&I55&" "&J55&UNICHAR(34)&" ) case "&UNICHAR(34)&"$data2"&UNICHAR(34)&" in ")	=IF(ISBLANK(E55),"",L55)	=IF(ISBLANK(E55),"",LOOKUP(E55,$Actions.$B$2:$Actions.$B$1107,$Actions.$D$2:$Actions.$D$1107)&";;  ")	=IF(ISBLANK(F55),"",M55)	=IF(ISBLANK(F55),"",LOOKUP(F55,$Actions.$B$2:$Actions.$B$1107,$Actions.$D$2:$Actions.$D$1107)&";;  ")	=IF(ISBLANK(G55),"",N55)	=IF(ISBLANK(G55),"",LOOKUP(G55,$Actions.$B$2:$Actions.$B$1107,$Actions.$D$2:$Actions.$D$1107)&";; ")	=IF(CONCAT(E55:G55)="","","esac ;;  "&UNICHAR(13)&UNICHAR(10))
			F3	Alt F	Shift Alt F	Control Alt F	on	0	53	1	[1-9]|1[0-9]|2[0-4]) 	2[5-9]|[3-9][0-9]|1[0-1][0-9]) 	12[0-7]) 	127	=IF(CONCAT(E56:G56)="","",UNICHAR(34)&H56&" "&I56&" "&J56&UNICHAR(34)&" ) case "&UNICHAR(34)&"$data2"&UNICHAR(34)&" in ")	=IF(ISBLANK(E56),"",L56)	=IF(ISBLANK(E56),"",LOOKUP(E56,$Actions.$B$2:$Actions.$B$1107,$Actions.$D$2:$Actions.$D$1107)&";;  ")	=IF(ISBLANK(F56),"",M56)	=IF(ISBLANK(F56),"",LOOKUP(F56,$Actions.$B$2:$Actions.$B$1107,$Actions.$D$2:$Actions.$D$1107)&";;  ")	=IF(ISBLANK(G56),"",N56)	=IF(ISBLANK(G56),"",LOOKUP(G56,$Actions.$B$2:$Actions.$B$1107,$Actions.$D$2:$Actions.$D$1107)&";; ")	=IF(CONCAT(E56:G56)="","","esac ;;  "&UNICHAR(13)&UNICHAR(10))
			F#3	Alt 6	Shift Alt 6	Control Alt 6	on	0	54	1	[1-9]|1[0-9]|2[0-4]) 	2[5-9]|[3-9][0-9]|1[0-1][0-9]) 	12[0-7]) 	127	=IF(CONCAT(E57:G57)="","",UNICHAR(34)&H57&" "&I57&" "&J57&UNICHAR(34)&" ) case "&UNICHAR(34)&"$data2"&UNICHAR(34)&" in ")	=IF(ISBLANK(E57),"",L57)	=IF(ISBLANK(E57),"",LOOKUP(E57,$Actions.$B$2:$Actions.$B$1107,$Actions.$D$2:$Actions.$D$1107)&";;  ")	=IF(ISBLANK(F57),"",M57)	=IF(ISBLANK(F57),"",LOOKUP(F57,$Actions.$B$2:$Actions.$B$1107,$Actions.$D$2:$Actions.$D$1107)&";;  ")	=IF(ISBLANK(G57),"",N57)	=IF(ISBLANK(G57),"",LOOKUP(G57,$Actions.$B$2:$Actions.$B$1107,$Actions.$D$2:$Actions.$D$1107)&";; ")	=IF(CONCAT(E57:G57)="","","esac ;;  "&UNICHAR(13)&UNICHAR(10))
			G3	Alt G	Shift Alt G	Control Alt G	on	0	55	1	[1-9]|1[0-9]|2[0-4]) 	2[5-9]|[3-9][0-9]|1[0-1][0-9]) 	12[0-7]) 	127	=IF(CONCAT(E58:G58)="","",UNICHAR(34)&H58&" "&I58&" "&J58&UNICHAR(34)&" ) case "&UNICHAR(34)&"$data2"&UNICHAR(34)&" in ")	=IF(ISBLANK(E58),"",L58)	=IF(ISBLANK(E58),"",LOOKUP(E58,$Actions.$B$2:$Actions.$B$1107,$Actions.$D$2:$Actions.$D$1107)&";;  ")	=IF(ISBLANK(F58),"",M58)	=IF(ISBLANK(F58),"",LOOKUP(F58,$Actions.$B$2:$Actions.$B$1107,$Actions.$D$2:$Actions.$D$1107)&";;  ")	=IF(ISBLANK(G58),"",N58)	=IF(ISBLANK(G58),"",LOOKUP(G58,$Actions.$B$2:$Actions.$B$1107,$Actions.$D$2:$Actions.$D$1107)&";; ")	=IF(CONCAT(E58:G58)="","","esac ;;  "&UNICHAR(13)&UNICHAR(10))
			G#3	Alt 7	Shift Alt 7	Control Alt 7	on	0	56	1	[1-9]|1[0-9]|2[0-4]) 	2[5-9]|[3-9][0-9]|1[0-1][0-9]) 	12[0-7]) 	127	=IF(CONCAT(E59:G59)="","",UNICHAR(34)&H59&" "&I59&" "&J59&UNICHAR(34)&" ) case "&UNICHAR(34)&"$data2"&UNICHAR(34)&" in ")	=IF(ISBLANK(E59),"",L59)	=IF(ISBLANK(E59),"",LOOKUP(E59,$Actions.$B$2:$Actions.$B$1107,$Actions.$D$2:$Actions.$D$1107)&";;  ")	=IF(ISBLANK(F59),"",M59)	=IF(ISBLANK(F59),"",LOOKUP(F59,$Actions.$B$2:$Actions.$B$1107,$Actions.$D$2:$Actions.$D$1107)&";;  ")	=IF(ISBLANK(G59),"",N59)	=IF(ISBLANK(G59),"",LOOKUP(G59,$Actions.$B$2:$Actions.$B$1107,$Actions.$D$2:$Actions.$D$1107)&";; ")	=IF(CONCAT(E59:G59)="","","esac ;;  "&UNICHAR(13)&UNICHAR(10))
			A3	Alt H	Shift Alt H	Control Alt H	on	0	57	1	[1-9]|1[0-9]|2[0-4]) 	2[5-9]|[3-9][0-9]|1[0-1][0-9]) 	12[0-7]) 	127	=IF(CONCAT(E60:G60)="","",UNICHAR(34)&H60&" "&I60&" "&J60&UNICHAR(34)&" ) case "&UNICHAR(34)&"$data2"&UNICHAR(34)&" in ")	=IF(ISBLANK(E60),"",L60)	=IF(ISBLANK(E60),"",LOOKUP(E60,$Actions.$B$2:$Actions.$B$1107,$Actions.$D$2:$Actions.$D$1107)&";;  ")	=IF(ISBLANK(F60),"",M60)	=IF(ISBLANK(F60),"",LOOKUP(F60,$Actions.$B$2:$Actions.$B$1107,$Actions.$D$2:$Actions.$D$1107)&";;  ")	=IF(ISBLANK(G60),"",N60)	=IF(ISBLANK(G60),"",LOOKUP(G60,$Actions.$B$2:$Actions.$B$1107,$Actions.$D$2:$Actions.$D$1107)&";; ")	=IF(CONCAT(E60:G60)="","","esac ;;  "&UNICHAR(13)&UNICHAR(10))
			A#3	Alt 8	Shift Alt 8	Control Alt 8	on	0	58	1	[1-9]|1[0-9]|2[0-4]) 	2[5-9]|[3-9][0-9]|1[0-1][0-9]) 	12[0-7]) 	127	=IF(CONCAT(E61:G61)="","",UNICHAR(34)&H61&" "&I61&" "&J61&UNICHAR(34)&" ) case "&UNICHAR(34)&"$data2"&UNICHAR(34)&" in ")	=IF(ISBLANK(E61),"",L61)	=IF(ISBLANK(E61),"",LOOKUP(E61,$Actions.$B$2:$Actions.$B$1107,$Actions.$D$2:$Actions.$D$1107)&";;  ")	=IF(ISBLANK(F61),"",M61)	=IF(ISBLANK(F61),"",LOOKUP(F61,$Actions.$B$2:$Actions.$B$1107,$Actions.$D$2:$Actions.$D$1107)&";;  ")	=IF(ISBLANK(G61),"",N61)	=IF(ISBLANK(G61),"",LOOKUP(G61,$Actions.$B$2:$Actions.$B$1107,$Actions.$D$2:$Actions.$D$1107)&";; ")	=IF(CONCAT(E61:G61)="","","esac ;;  "&UNICHAR(13)&UNICHAR(10))
			B3	Alt I	Shift Alt I	Control Alt I	on	0	59	1	[1-9]|1[0-9]|2[0-4]) 	2[5-9]|[3-9][0-9]|1[0-1][0-9]) 	12[0-7]) 	127	=IF(CONCAT(E62:G62)="","",UNICHAR(34)&H62&" "&I62&" "&J62&UNICHAR(34)&" ) case "&UNICHAR(34)&"$data2"&UNICHAR(34)&" in ")	=IF(ISBLANK(E62),"",L62)	=IF(ISBLANK(E62),"",LOOKUP(E62,$Actions.$B$2:$Actions.$B$1107,$Actions.$D$2:$Actions.$D$1107)&";;  ")	=IF(ISBLANK(F62),"",M62)	=IF(ISBLANK(F62),"",LOOKUP(F62,$Actions.$B$2:$Actions.$B$1107,$Actions.$D$2:$Actions.$D$1107)&";;  ")	=IF(ISBLANK(G62),"",N62)	=IF(ISBLANK(G62),"",LOOKUP(G62,$Actions.$B$2:$Actions.$B$1107,$Actions.$D$2:$Actions.$D$1107)&";; ")	=IF(CONCAT(E62:G62)="","","esac ;;  "&UNICHAR(13)&UNICHAR(10))
			C4	Alt J	Shift Alt J	Control Alt J	on	0	60	1	[1-9]|1[0-9]|2[0-4]) 	2[5-9]|[3-9][0-9]|1[0-1][0-9]) 	12[0-7]) 	127	=IF(CONCAT(E63:G63)="","",UNICHAR(34)&H63&" "&I63&" "&J63&UNICHAR(34)&" ) case "&UNICHAR(34)&"$data2"&UNICHAR(34)&" in ")	=IF(ISBLANK(E63),"",L63)	=IF(ISBLANK(E63),"",LOOKUP(E63,$Actions.$B$2:$Actions.$B$1107,$Actions.$D$2:$Actions.$D$1107)&";;  ")	=IF(ISBLANK(F63),"",M63)	=IF(ISBLANK(F63),"",LOOKUP(F63,$Actions.$B$2:$Actions.$B$1107,$Actions.$D$2:$Actions.$D$1107)&";;  ")	=IF(ISBLANK(G63),"",N63)	=IF(ISBLANK(G63),"",LOOKUP(G63,$Actions.$B$2:$Actions.$B$1107,$Actions.$D$2:$Actions.$D$1107)&";; ")	=IF(CONCAT(E63:G63)="","","esac ;;  "&UNICHAR(13)&UNICHAR(10))
			C#4	Alt 9	Shift Alt 9	Control Alt 9	on	0	61	1	[1-9]|1[0-9]|2[0-4]) 	2[5-9]|[3-9][0-9]|1[0-1][0-9]) 	12[0-7]) 	127	=IF(CONCAT(E64:G64)="","",UNICHAR(34)&H64&" "&I64&" "&J64&UNICHAR(34)&" ) case "&UNICHAR(34)&"$data2"&UNICHAR(34)&" in ")	=IF(ISBLANK(E64),"",L64)	=IF(ISBLANK(E64),"",LOOKUP(E64,$Actions.$B$2:$Actions.$B$1107,$Actions.$D$2:$Actions.$D$1107)&";;  ")	=IF(ISBLANK(F64),"",M64)	=IF(ISBLANK(F64),"",LOOKUP(F64,$Actions.$B$2:$Actions.$B$1107,$Actions.$D$2:$Actions.$D$1107)&";;  ")	=IF(ISBLANK(G64),"",N64)	=IF(ISBLANK(G64),"",LOOKUP(G64,$Actions.$B$2:$Actions.$B$1107,$Actions.$D$2:$Actions.$D$1107)&";; ")	=IF(CONCAT(E64:G64)="","","esac ;;  "&UNICHAR(13)&UNICHAR(10))
			D4	Alt K	Shift Alt K	Control Alt K	on	0	62	1	[1-9]|1[0-9]|2[0-4]) 	2[5-9]|[3-9][0-9]|1[0-1][0-9]) 	12[0-7]) 	127	=IF(CONCAT(E65:G65)="","",UNICHAR(34)&H65&" "&I65&" "&J65&UNICHAR(34)&" ) case "&UNICHAR(34)&"$data2"&UNICHAR(34)&" in ")	=IF(ISBLANK(E65),"",L65)	=IF(ISBLANK(E65),"",LOOKUP(E65,$Actions.$B$2:$Actions.$B$1107,$Actions.$D$2:$Actions.$D$1107)&";;  ")	=IF(ISBLANK(F65),"",M65)	=IF(ISBLANK(F65),"",LOOKUP(F65,$Actions.$B$2:$Actions.$B$1107,$Actions.$D$2:$Actions.$D$1107)&";;  ")	=IF(ISBLANK(G65),"",N65)	=IF(ISBLANK(G65),"",LOOKUP(G65,$Actions.$B$2:$Actions.$B$1107,$Actions.$D$2:$Actions.$D$1107)&";; ")	=IF(CONCAT(E65:G65)="","","esac ;;  "&UNICHAR(13)&UNICHAR(10))
			D#4	Alt 0	Shift Alt 0	Control Alt 0	on	0	63	1	[1-9]|1[0-9]|2[0-4]) 	2[5-9]|[3-9][0-9]|1[0-1][0-9]) 	12[0-7]) 	127	=IF(CONCAT(E66:G66)="","",UNICHAR(34)&H66&" "&I66&" "&J66&UNICHAR(34)&" ) case "&UNICHAR(34)&"$data2"&UNICHAR(34)&" in ")	=IF(ISBLANK(E66),"",L66)	=IF(ISBLANK(E66),"",LOOKUP(E66,$Actions.$B$2:$Actions.$B$1107,$Actions.$D$2:$Actions.$D$1107)&";;  ")	=IF(ISBLANK(F66),"",M66)	=IF(ISBLANK(F66),"",LOOKUP(F66,$Actions.$B$2:$Actions.$B$1107,$Actions.$D$2:$Actions.$D$1107)&";;  ")	=IF(ISBLANK(G66),"",N66)	=IF(ISBLANK(G66),"",LOOKUP(G66,$Actions.$B$2:$Actions.$B$1107,$Actions.$D$2:$Actions.$D$1107)&";; ")	=IF(CONCAT(E66:G66)="","","esac ;;  "&UNICHAR(13)&UNICHAR(10))
			E4	Alt L	Shift Alt L	Control Alt L	on	0	64	1	[1-9]|1[0-9]|2[0-4]) 	2[5-9]|[3-9][0-9]|1[0-1][0-9]) 	12[0-7]) 	127	=IF(CONCAT(E67:G67)="","",UNICHAR(34)&H67&" "&I67&" "&J67&UNICHAR(34)&" ) case "&UNICHAR(34)&"$data2"&UNICHAR(34)&" in ")	=IF(ISBLANK(E67),"",L67)	=IF(ISBLANK(E67),"",LOOKUP(E67,$Actions.$B$2:$Actions.$B$1107,$Actions.$D$2:$Actions.$D$1107)&";;  ")	=IF(ISBLANK(F67),"",M67)	=IF(ISBLANK(F67),"",LOOKUP(F67,$Actions.$B$2:$Actions.$B$1107,$Actions.$D$2:$Actions.$D$1107)&";;  ")	=IF(ISBLANK(G67),"",N67)	=IF(ISBLANK(G67),"",LOOKUP(G67,$Actions.$B$2:$Actions.$B$1107,$Actions.$D$2:$Actions.$D$1107)&";; ")	=IF(CONCAT(E67:G67)="","","esac ;;  "&UNICHAR(13)&UNICHAR(10))
			F4	Cut	Copy	Paste	on	0	65	1	[1-9]|1[0-9]|2[0-4]) 	2[5-9]|[3-9][0-9]|1[0-1][0-9]) 	12[0-7]) 	127	=IF(CONCAT(E68:G68)="","",UNICHAR(34)&H68&" "&I68&" "&J68&UNICHAR(34)&" ) case "&UNICHAR(34)&"$data2"&UNICHAR(34)&" in ")	=IF(ISBLANK(E68),"",L68)	=IF(ISBLANK(E68),"",LOOKUP(E68,$Actions.$B$2:$Actions.$B$1107,$Actions.$D$2:$Actions.$D$1107)&";;  ")	=IF(ISBLANK(F68),"",M68)	=IF(ISBLANK(F68),"",LOOKUP(F68,$Actions.$B$2:$Actions.$B$1107,$Actions.$D$2:$Actions.$D$1107)&";;  ")	=IF(ISBLANK(G68),"",N68)	=IF(ISBLANK(G68),"",LOOKUP(G68,$Actions.$B$2:$Actions.$B$1107,$Actions.$D$2:$Actions.$D$1107)&";; ")	=IF(CONCAT(E68:G68)="","","esac ;;  "&UNICHAR(13)&UNICHAR(10))
			F#4	Click	Double Click	Quad Click	on	0	66	1	[1-9]|1[0-9]|2[0-4]) 	2[5-9]|[3-9][0-9]|1[0-1][0-9]) 	12[0-7]) 	127	=IF(CONCAT(E69:G69)="","",UNICHAR(34)&H69&" "&I69&" "&J69&UNICHAR(34)&" ) case "&UNICHAR(34)&"$data2"&UNICHAR(34)&" in ")	=IF(ISBLANK(E69),"",L69)	=IF(ISBLANK(E69),"",LOOKUP(E69,$Actions.$B$2:$Actions.$B$1107,$Actions.$D$2:$Actions.$D$1107)&";;  ")	=IF(ISBLANK(F69),"",M69)	=IF(ISBLANK(F69),"",LOOKUP(F69,$Actions.$B$2:$Actions.$B$1107,$Actions.$D$2:$Actions.$D$1107)&";;  ")	=IF(ISBLANK(G69),"",N69)	=IF(ISBLANK(G69),"",LOOKUP(G69,$Actions.$B$2:$Actions.$B$1107,$Actions.$D$2:$Actions.$D$1107)&";; ")	=IF(CONCAT(E69:G69)="","","esac ;;  "&UNICHAR(13)&UNICHAR(10))
			G4	Delete	Delete	Delete	on	0	67	1	[1-9]|1[0-9]|2[0-4]) 	2[5-9]|[3-9][0-9]|1[0-1][0-9]) 	12[0-7]) 	127	=IF(CONCAT(E70:G70)="","",UNICHAR(34)&H70&" "&I70&" "&J70&UNICHAR(34)&" ) case "&UNICHAR(34)&"$data2"&UNICHAR(34)&" in ")	=IF(ISBLANK(E70),"",L70)	=IF(ISBLANK(E70),"",LOOKUP(E70,$Actions.$B$2:$Actions.$B$1107,$Actions.$D$2:$Actions.$D$1107)&";;  ")	=IF(ISBLANK(F70),"",M70)	=IF(ISBLANK(F70),"",LOOKUP(F70,$Actions.$B$2:$Actions.$B$1107,$Actions.$D$2:$Actions.$D$1107)&";;  ")	=IF(ISBLANK(G70),"",N70)	=IF(ISBLANK(G70),"",LOOKUP(G70,$Actions.$B$2:$Actions.$B$1107,$Actions.$D$2:$Actions.$D$1107)&";; ")	=IF(CONCAT(E70:G70)="","","esac ;;  "&UNICHAR(13)&UNICHAR(10))
			G#4	Middle Click	Middle Double Click	Middle Triple Click	on	0	68	1	[1-9]|1[0-9]|2[0-4]) 	2[5-9]|[3-9][0-9]|1[0-1][0-9]) 	12[0-7]) 	127	=IF(CONCAT(E71:G71)="","",UNICHAR(34)&H71&" "&I71&" "&J71&UNICHAR(34)&" ) case "&UNICHAR(34)&"$data2"&UNICHAR(34)&" in ")	=IF(ISBLANK(E71),"",L71)	=IF(ISBLANK(E71),"",LOOKUP(E71,$Actions.$B$2:$Actions.$B$1107,$Actions.$D$2:$Actions.$D$1107)&";;  ")	=IF(ISBLANK(F71),"",M71)	=IF(ISBLANK(F71),"",LOOKUP(F71,$Actions.$B$2:$Actions.$B$1107,$Actions.$D$2:$Actions.$D$1107)&";;  ")	=IF(ISBLANK(G71),"",N71)	=IF(ISBLANK(G71),"",LOOKUP(G71,$Actions.$B$2:$Actions.$B$1107,$Actions.$D$2:$Actions.$D$1107)&";; ")	=IF(CONCAT(E71:G71)="","","esac ;;  "&UNICHAR(13)&UNICHAR(10))
			A4	Escape	Escape	Escape	on	0	69	1	[1-9]|1[0-9]|2[0-4]) 	2[5-9]|[3-9][0-9]|1[0-1][0-9]) 	12[0-7]) 	127	=IF(CONCAT(E72:G72)="","",UNICHAR(34)&H72&" "&I72&" "&J72&UNICHAR(34)&" ) case "&UNICHAR(34)&"$data2"&UNICHAR(34)&" in ")	=IF(ISBLANK(E72),"",L72)	=IF(ISBLANK(E72),"",LOOKUP(E72,$Actions.$B$2:$Actions.$B$1107,$Actions.$D$2:$Actions.$D$1107)&";;  ")	=IF(ISBLANK(F72),"",M72)	=IF(ISBLANK(F72),"",LOOKUP(F72,$Actions.$B$2:$Actions.$B$1107,$Actions.$D$2:$Actions.$D$1107)&";;  ")	=IF(ISBLANK(G72),"",N72)	=IF(ISBLANK(G72),"",LOOKUP(G72,$Actions.$B$2:$Actions.$B$1107,$Actions.$D$2:$Actions.$D$1107)&";; ")	=IF(CONCAT(E72:G72)="","","esac ;;  "&UNICHAR(13)&UNICHAR(10))
			A#4	Right Click	Right Double Click	Right Triple Click	on	0	70	1	[1-9]|1[0-9]|2[0-4]) 	2[5-9]|[3-9][0-9]|1[0-1][0-9]) 	12[0-7]) 	127	=IF(CONCAT(E73:G73)="","",UNICHAR(34)&H73&" "&I73&" "&J73&UNICHAR(34)&" ) case "&UNICHAR(34)&"$data2"&UNICHAR(34)&" in ")	=IF(ISBLANK(E73),"",L73)	=IF(ISBLANK(E73),"",LOOKUP(E73,$Actions.$B$2:$Actions.$B$1107,$Actions.$D$2:$Actions.$D$1107)&";;  ")	=IF(ISBLANK(F73),"",M73)	=IF(ISBLANK(F73),"",LOOKUP(F73,$Actions.$B$2:$Actions.$B$1107,$Actions.$D$2:$Actions.$D$1107)&";;  ")	=IF(ISBLANK(G73),"",N73)	=IF(ISBLANK(G73),"",LOOKUP(G73,$Actions.$B$2:$Actions.$B$1107,$Actions.$D$2:$Actions.$D$1107)&";; ")	=IF(CONCAT(E73:G73)="","","esac ;;  "&UNICHAR(13)&UNICHAR(10))
			B4	Tab Back	Tab Back	Tab Back	on	0	71	1	[1-9]|1[0-9]|2[0-4]) 	2[5-9]|[3-9][0-9]|1[0-1][0-9]) 	12[0-7]) 	127	=IF(CONCAT(E74:G74)="","",UNICHAR(34)&H74&" "&I74&" "&J74&UNICHAR(34)&" ) case "&UNICHAR(34)&"$data2"&UNICHAR(34)&" in ")	=IF(ISBLANK(E74),"",L74)	=IF(ISBLANK(E74),"",LOOKUP(E74,$Actions.$B$2:$Actions.$B$1107,$Actions.$D$2:$Actions.$D$1107)&";;  ")	=IF(ISBLANK(F74),"",M74)	=IF(ISBLANK(F74),"",LOOKUP(F74,$Actions.$B$2:$Actions.$B$1107,$Actions.$D$2:$Actions.$D$1107)&";;  ")	=IF(ISBLANK(G74),"",N74)	=IF(ISBLANK(G74),"",LOOKUP(G74,$Actions.$B$2:$Actions.$B$1107,$Actions.$D$2:$Actions.$D$1107)&";; ")	=IF(CONCAT(E74:G74)="","","esac ;;  "&UNICHAR(13)&UNICHAR(10))
			C5	Alt Tab	Alt Tab	Alt Tab	on	0	72	1	[1-9]|1[0-9]|2[0-4]) 	2[5-9]|[3-9][0-9]|1[0-1][0-9]) 	12[0-7]) 	127	=IF(CONCAT(E75:G75)="","",UNICHAR(34)&H75&" "&I75&" "&J75&UNICHAR(34)&" ) case "&UNICHAR(34)&"$data2"&UNICHAR(34)&" in ")	=IF(ISBLANK(E75),"",L75)	=IF(ISBLANK(E75),"",LOOKUP(E75,$Actions.$B$2:$Actions.$B$1107,$Actions.$D$2:$Actions.$D$1107)&";;  ")	=IF(ISBLANK(F75),"",M75)	=IF(ISBLANK(F75),"",LOOKUP(F75,$Actions.$B$2:$Actions.$B$1107,$Actions.$D$2:$Actions.$D$1107)&";;  ")	=IF(ISBLANK(G75),"",N75)	=IF(ISBLANK(G75),"",LOOKUP(G75,$Actions.$B$2:$Actions.$B$1107,$Actions.$D$2:$Actions.$D$1107)&";; ")	=IF(CONCAT(E75:G75)="","","esac ;;  "&UNICHAR(13)&UNICHAR(10))
			C#5	Paragraph	Paragraph	Paragraph	on	0	73	1	[1-9]|1[0-9]|2[0-4]) 	2[5-9]|[3-9][0-9]|1[0-1][0-9]) 	12[0-7]) 	127	=IF(CONCAT(E76:G76)="","",UNICHAR(34)&H76&" "&I76&" "&J76&UNICHAR(34)&" ) case "&UNICHAR(34)&"$data2"&UNICHAR(34)&" in ")	=IF(ISBLANK(E76),"",L76)	=IF(ISBLANK(E76),"",LOOKUP(E76,$Actions.$B$2:$Actions.$B$1107,$Actions.$D$2:$Actions.$D$1107)&";;  ")	=IF(ISBLANK(F76),"",M76)	=IF(ISBLANK(F76),"",LOOKUP(F76,$Actions.$B$2:$Actions.$B$1107,$Actions.$D$2:$Actions.$D$1107)&";;  ")	=IF(ISBLANK(G76),"",N76)	=IF(ISBLANK(G76),"",LOOKUP(G76,$Actions.$B$2:$Actions.$B$1107,$Actions.$D$2:$Actions.$D$1107)&";; ")	=IF(CONCAT(E76:G76)="","","esac ;;  "&UNICHAR(13)&UNICHAR(10))
			D5	Space	Space	Space	on	0	74	1	[1-9]|1[0-9]|2[0-4]) 	2[5-9]|[3-9][0-9]|1[0-1][0-9]) 	12[0-7]) 	127	=IF(CONCAT(E77:G77)="","",UNICHAR(34)&H77&" "&I77&" "&J77&UNICHAR(34)&" ) case "&UNICHAR(34)&"$data2"&UNICHAR(34)&" in ")	=IF(ISBLANK(E77),"",L77)	=IF(ISBLANK(E77),"",LOOKUP(E77,$Actions.$B$2:$Actions.$B$1107,$Actions.$D$2:$Actions.$D$1107)&";;  ")	=IF(ISBLANK(F77),"",M77)	=IF(ISBLANK(F77),"",LOOKUP(F77,$Actions.$B$2:$Actions.$B$1107,$Actions.$D$2:$Actions.$D$1107)&";;  ")	=IF(ISBLANK(G77),"",N77)	=IF(ISBLANK(G77),"",LOOKUP(G77,$Actions.$B$2:$Actions.$B$1107,$Actions.$D$2:$Actions.$D$1107)&";; ")	=IF(CONCAT(E77:G77)="","","esac ;;  "&UNICHAR(13)&UNICHAR(10))
			D#5	USFM Add	USFM Add	USFM Add	on	0	75	1	[1-9]|1[0-9]|2[0-4]) 	2[5-9]|[3-9][0-9]|1[0-1][0-9]) 	12[0-7]) 	127	=IF(CONCAT(E78:G78)="","",UNICHAR(34)&H78&" "&I78&" "&J78&UNICHAR(34)&" ) case "&UNICHAR(34)&"$data2"&UNICHAR(34)&" in ")	=IF(ISBLANK(E78),"",L78)	=IF(ISBLANK(E78),"",LOOKUP(E78,$Actions.$B$2:$Actions.$B$1107,$Actions.$D$2:$Actions.$D$1107)&";;  ")	=IF(ISBLANK(F78),"",M78)	=IF(ISBLANK(F78),"",LOOKUP(F78,$Actions.$B$2:$Actions.$B$1107,$Actions.$D$2:$Actions.$D$1107)&";;  ")	=IF(ISBLANK(G78),"",N78)	=IF(ISBLANK(G78),"",LOOKUP(G78,$Actions.$B$2:$Actions.$B$1107,$Actions.$D$2:$Actions.$D$1107)&";; ")	=IF(CONCAT(E78:G78)="","","esac ;;  "&UNICHAR(13)&UNICHAR(10))
			E5	Asterisk	Asterisk	Asterisk	on	0	76	1	[1-9]|1[0-9]|2[0-4]) 	2[5-9]|[3-9][0-9]|1[0-1][0-9]) 	12[0-7]) 	127	=IF(CONCAT(E79:G79)="","",UNICHAR(34)&H79&" "&I79&" "&J79&UNICHAR(34)&" ) case "&UNICHAR(34)&"$data2"&UNICHAR(34)&" in ")	=IF(ISBLANK(E79),"",L79)	=IF(ISBLANK(E79),"",LOOKUP(E79,$Actions.$B$2:$Actions.$B$1107,$Actions.$D$2:$Actions.$D$1107)&";;  ")	=IF(ISBLANK(F79),"",M79)	=IF(ISBLANK(F79),"",LOOKUP(F79,$Actions.$B$2:$Actions.$B$1107,$Actions.$D$2:$Actions.$D$1107)&";;  ")	=IF(ISBLANK(G79),"",N79)	=IF(ISBLANK(G79),"",LOOKUP(G79,$Actions.$B$2:$Actions.$B$1107,$Actions.$D$2:$Actions.$D$1107)&";; ")	=IF(CONCAT(E79:G79)="","","esac ;;  "&UNICHAR(13)&UNICHAR(10))
	MidiMath		F5	Tab	Tab	Escape	on	0	77	1	[1-9]|1[0-9]|2[0-4]) 	2[5-9]|[3-9][0-9]|1[0-1][0-9]) 	12[0-7]) 	127	=IF(CONCAT(E80:G80)="","",UNICHAR(34)&H80&" "&I80&" "&J80&UNICHAR(34)&" ) case "&UNICHAR(34)&"$data2"&UNICHAR(34)&" in ")	=IF(ISBLANK(E80),"",L80)	=IF(ISBLANK(E80),"",LOOKUP(E80,$Actions.$B$2:$Actions.$B$1107,$Actions.$D$2:$Actions.$D$1107)&";;  ")	=IF(ISBLANK(F80),"",M80)	=IF(ISBLANK(F80),"",LOOKUP(F80,$Actions.$B$2:$Actions.$B$1107,$Actions.$D$2:$Actions.$D$1107)&";;  ")	=IF(ISBLANK(G80),"",N80)	=IF(ISBLANK(G80),"",LOOKUP(G80,$Actions.$B$2:$Actions.$B$1107,$Actions.$D$2:$Actions.$D$1107)&";; ")	=IF(CONCAT(E80:G80)="","","esac ;;  "&UNICHAR(13)&UNICHAR(10))
			F#5	Less	Less	Less	on	0	78	1	[1-9]|1[0-9]|2[0-4]) 	2[5-9]|[3-9][0-9]|1[0-1][0-9]) 	12[0-7]) 	127	=IF(CONCAT(E81:G81)="","",UNICHAR(34)&H81&" "&I81&" "&J81&UNICHAR(34)&" ) case "&UNICHAR(34)&"$data2"&UNICHAR(34)&" in ")	=IF(ISBLANK(E81),"",L81)	=IF(ISBLANK(E81),"",LOOKUP(E81,$Actions.$B$2:$Actions.$B$1107,$Actions.$D$2:$Actions.$D$1107)&";;  ")	=IF(ISBLANK(F81),"",M81)	=IF(ISBLANK(F81),"",LOOKUP(F81,$Actions.$B$2:$Actions.$B$1107,$Actions.$D$2:$Actions.$D$1107)&";;  ")	=IF(ISBLANK(G81),"",N81)	=IF(ISBLANK(G81),"",LOOKUP(G81,$Actions.$B$2:$Actions.$B$1107,$Actions.$D$2:$Actions.$D$1107)&";; ")	=IF(CONCAT(E81:G81)="","","esac ;;  "&UNICHAR(13)&UNICHAR(10))
			G5	Backspace	Backspace	Delete	on	0	79	1	[1-9]|1[0-9]|2[0-4]) 	2[5-9]|[3-9][0-9]|1[0-1][0-9]) 	12[0-7]) 	127	=IF(CONCAT(E82:G82)="","",UNICHAR(34)&H82&" "&I82&" "&J82&UNICHAR(34)&" ) case "&UNICHAR(34)&"$data2"&UNICHAR(34)&" in ")	=IF(ISBLANK(E82),"",L82)	=IF(ISBLANK(E82),"",LOOKUP(E82,$Actions.$B$2:$Actions.$B$1107,$Actions.$D$2:$Actions.$D$1107)&";;  ")	=IF(ISBLANK(F82),"",M82)	=IF(ISBLANK(F82),"",LOOKUP(F82,$Actions.$B$2:$Actions.$B$1107,$Actions.$D$2:$Actions.$D$1107)&";;  ")	=IF(ISBLANK(G82),"",N82)	=IF(ISBLANK(G82),"",LOOKUP(G82,$Actions.$B$2:$Actions.$B$1107,$Actions.$D$2:$Actions.$D$1107)&";; ")	=IF(CONCAT(E82:G82)="","","esac ;;  "&UNICHAR(13)&UNICHAR(10))
			G#5	Greater	Greater	Greater	on	0	80	1	[1-9]|1[0-9]|2[0-4]) 	2[5-9]|[3-9][0-9]|1[0-1][0-9]) 	12[0-7]) 	127	=IF(CONCAT(E83:G83)="","",UNICHAR(34)&H83&" "&I83&" "&J83&UNICHAR(34)&" ) case "&UNICHAR(34)&"$data2"&UNICHAR(34)&" in ")	=IF(ISBLANK(E83),"",L83)	=IF(ISBLANK(E83),"",LOOKUP(E83,$Actions.$B$2:$Actions.$B$1107,$Actions.$D$2:$Actions.$D$1107)&";;  ")	=IF(ISBLANK(F83),"",M83)	=IF(ISBLANK(F83),"",LOOKUP(F83,$Actions.$B$2:$Actions.$B$1107,$Actions.$D$2:$Actions.$D$1107)&";;  ")	=IF(ISBLANK(G83),"",N83)	=IF(ISBLANK(G83),"",LOOKUP(G83,$Actions.$B$2:$Actions.$B$1107,$Actions.$D$2:$Actions.$D$1107)&";; ")	=IF(CONCAT(E83:G83)="","","esac ;;  "&UNICHAR(13)&UNICHAR(10))
			A5	Cut	Copy	Copy	on	0	81	1	[1-9]|1[0-9]|2[0-4]) 	2[5-9]|[3-9][0-9]|1[0-1][0-9]) 	12[0-7]) 	127	=IF(CONCAT(E84:G84)="","",UNICHAR(34)&H84&" "&I84&" "&J84&UNICHAR(34)&" ) case "&UNICHAR(34)&"$data2"&UNICHAR(34)&" in ")	=IF(ISBLANK(E84),"",L84)	=IF(ISBLANK(E84),"",LOOKUP(E84,$Actions.$B$2:$Actions.$B$1107,$Actions.$D$2:$Actions.$D$1107)&";;  ")	=IF(ISBLANK(F84),"",M84)	=IF(ISBLANK(F84),"",LOOKUP(F84,$Actions.$B$2:$Actions.$B$1107,$Actions.$D$2:$Actions.$D$1107)&";;  ")	=IF(ISBLANK(G84),"",N84)	=IF(ISBLANK(G84),"",LOOKUP(G84,$Actions.$B$2:$Actions.$B$1107,$Actions.$D$2:$Actions.$D$1107)&";; ")	=IF(CONCAT(E84:G84)="","","esac ;;  "&UNICHAR(13)&UNICHAR(10))
			A#5	Equal	Equal	Equal	on	0	82	1	[1-9]|1[0-9]|2[0-4]) 	2[5-9]|[3-9][0-9]|1[0-1][0-9]) 	12[0-7]) 	127	=IF(CONCAT(E85:G85)="","",UNICHAR(34)&H85&" "&I85&" "&J85&UNICHAR(34)&" ) case "&UNICHAR(34)&"$data2"&UNICHAR(34)&" in ")	=IF(ISBLANK(E85),"",L85)	=IF(ISBLANK(E85),"",LOOKUP(E85,$Actions.$B$2:$Actions.$B$1107,$Actions.$D$2:$Actions.$D$1107)&";;  ")	=IF(ISBLANK(F85),"",M85)	=IF(ISBLANK(F85),"",LOOKUP(F85,$Actions.$B$2:$Actions.$B$1107,$Actions.$D$2:$Actions.$D$1107)&";;  ")	=IF(ISBLANK(G85),"",N85)	=IF(ISBLANK(G85),"",LOOKUP(G85,$Actions.$B$2:$Actions.$B$1107,$Actions.$D$2:$Actions.$D$1107)&";; ")	=IF(CONCAT(E85:G85)="","","esac ;;  "&UNICHAR(13)&UNICHAR(10))
			B5	Space	Space	Space	on	0	83	1	[1-9]|1[0-9]|2[0-4]) 	2[5-9]|[3-9][0-9]|1[0-1][0-9]) 	12[0-7]) 	127	=IF(CONCAT(E86:G86)="","",UNICHAR(34)&H86&" "&I86&" "&J86&UNICHAR(34)&" ) case "&UNICHAR(34)&"$data2"&UNICHAR(34)&" in ")	=IF(ISBLANK(E86),"",L86)	=IF(ISBLANK(E86),"",LOOKUP(E86,$Actions.$B$2:$Actions.$B$1107,$Actions.$D$2:$Actions.$D$1107)&";;  ")	=IF(ISBLANK(F86),"",M86)	=IF(ISBLANK(F86),"",LOOKUP(F86,$Actions.$B$2:$Actions.$B$1107,$Actions.$D$2:$Actions.$D$1107)&";;  ")	=IF(ISBLANK(G86),"",N86)	=IF(ISBLANK(G86),"",LOOKUP(G86,$Actions.$B$2:$Actions.$B$1107,$Actions.$D$2:$Actions.$D$1107)&";; ")	=IF(CONCAT(E86:G86)="","","esac ;;  "&UNICHAR(13)&UNICHAR(10))
			C6	Plus	Plus	Plus	on	0	84	1	[1-9]|1[0-9]|2[0-4]) 	2[5-9]|[3-9][0-9]|1[0-1][0-9]) 	12[0-7]) 	127	=IF(CONCAT(E87:G87)="","",UNICHAR(34)&H87&" "&I87&" "&J87&UNICHAR(34)&" ) case "&UNICHAR(34)&"$data2"&UNICHAR(34)&" in ")	=IF(ISBLANK(E87),"",L87)	=IF(ISBLANK(E87),"",LOOKUP(E87,$Actions.$B$2:$Actions.$B$1107,$Actions.$D$2:$Actions.$D$1107)&";;  ")	=IF(ISBLANK(F87),"",M87)	=IF(ISBLANK(F87),"",LOOKUP(F87,$Actions.$B$2:$Actions.$B$1107,$Actions.$D$2:$Actions.$D$1107)&";;  ")	=IF(ISBLANK(G87),"",N87)	=IF(ISBLANK(G87),"",LOOKUP(G87,$Actions.$B$2:$Actions.$B$1107,$Actions.$D$2:$Actions.$D$1107)&";; ")	=IF(CONCAT(E87:G87)="","","esac ;;  "&UNICHAR(13)&UNICHAR(10))
			C#6	Caret	Caret	Caret	on	0	85	1	[1-9]|1[0-9]|2[0-4]) 	2[5-9]|[3-9][0-9]|1[0-1][0-9]) 	12[0-7]) 	127	=IF(CONCAT(E88:G88)="","",UNICHAR(34)&H88&" "&I88&" "&J88&UNICHAR(34)&" ) case "&UNICHAR(34)&"$data2"&UNICHAR(34)&" in ")	=IF(ISBLANK(E88),"",L88)	=IF(ISBLANK(E88),"",LOOKUP(E88,$Actions.$B$2:$Actions.$B$1107,$Actions.$D$2:$Actions.$D$1107)&";;  ")	=IF(ISBLANK(F88),"",M88)	=IF(ISBLANK(F88),"",LOOKUP(F88,$Actions.$B$2:$Actions.$B$1107,$Actions.$D$2:$Actions.$D$1107)&";;  ")	=IF(ISBLANK(G88),"",N88)	=IF(ISBLANK(G88),"",LOOKUP(G88,$Actions.$B$2:$Actions.$B$1107,$Actions.$D$2:$Actions.$D$1107)&";; ")	=IF(CONCAT(E88:G88)="","","esac ;;  "&UNICHAR(13)&UNICHAR(10))
			D6	Asterisk	Asterisk	Asterisk	on	0	86	1	[1-9]|1[0-9]|2[0-4]) 	2[5-9]|[3-9][0-9]|1[0-1][0-9]) 	12[0-7]) 	127	=IF(CONCAT(E89:G89)="","",UNICHAR(34)&H89&" "&I89&" "&J89&UNICHAR(34)&" ) case "&UNICHAR(34)&"$data2"&UNICHAR(34)&" in ")	=IF(ISBLANK(E89),"",L89)	=IF(ISBLANK(E89),"",LOOKUP(E89,$Actions.$B$2:$Actions.$B$1107,$Actions.$D$2:$Actions.$D$1107)&";;  ")	=IF(ISBLANK(F89),"",M89)	=IF(ISBLANK(F89),"",LOOKUP(F89,$Actions.$B$2:$Actions.$B$1107,$Actions.$D$2:$Actions.$D$1107)&";;  ")	=IF(ISBLANK(G89),"",N89)	=IF(ISBLANK(G89),"",LOOKUP(G89,$Actions.$B$2:$Actions.$B$1107,$Actions.$D$2:$Actions.$D$1107)&";; ")	=IF(CONCAT(E89:G89)="","","esac ;;  "&UNICHAR(13)&UNICHAR(10))
			D#6	Period	Period	Period	on	0	87	1	[1-9]|1[0-9]|2[0-4]) 	2[5-9]|[3-9][0-9]|1[0-1][0-9]) 	12[0-7]) 	127	=IF(CONCAT(E90:G90)="","",UNICHAR(34)&H90&" "&I90&" "&J90&UNICHAR(34)&" ) case "&UNICHAR(34)&"$data2"&UNICHAR(34)&" in ")	=IF(ISBLANK(E90),"",L90)	=IF(ISBLANK(E90),"",LOOKUP(E90,$Actions.$B$2:$Actions.$B$1107,$Actions.$D$2:$Actions.$D$1107)&";;  ")	=IF(ISBLANK(F90),"",M90)	=IF(ISBLANK(F90),"",LOOKUP(F90,$Actions.$B$2:$Actions.$B$1107,$Actions.$D$2:$Actions.$D$1107)&";;  ")	=IF(ISBLANK(G90),"",N90)	=IF(ISBLANK(G90),"",LOOKUP(G90,$Actions.$B$2:$Actions.$B$1107,$Actions.$D$2:$Actions.$D$1107)&";; ")	=IF(CONCAT(E90:G90)="","","esac ;;  "&UNICHAR(13)&UNICHAR(10))
			E6	Slash	Slash	Slash	on	0	88	1	[1-9]|1[0-9]|2[0-4]) 	2[5-9]|[3-9][0-9]|1[0-1][0-9]) 	12[0-7]) 	127	=IF(CONCAT(E91:G91)="","",UNICHAR(34)&H91&" "&I91&" "&J91&UNICHAR(34)&" ) case "&UNICHAR(34)&"$data2"&UNICHAR(34)&" in ")	=IF(ISBLANK(E91),"",L91)	=IF(ISBLANK(E91),"",LOOKUP(E91,$Actions.$B$2:$Actions.$B$1107,$Actions.$D$2:$Actions.$D$1107)&";;  ")	=IF(ISBLANK(F91),"",M91)	=IF(ISBLANK(F91),"",LOOKUP(F91,$Actions.$B$2:$Actions.$B$1107,$Actions.$D$2:$Actions.$D$1107)&";;  ")	=IF(ISBLANK(G91),"",N91)	=IF(ISBLANK(G91),"",LOOKUP(G91,$Actions.$B$2:$Actions.$B$1107,$Actions.$D$2:$Actions.$D$1107)&";; ")	=IF(CONCAT(E91:G91)="","","esac ;;  "&UNICHAR(13)&UNICHAR(10))
			F6	Minus	Minus	Minus	on	0	89	1	[1-9]|1[0-9]|2[0-4]) 	2[5-9]|[3-9][0-9]|1[0-1][0-9]) 	12[0-7]) 	127	=IF(CONCAT(E92:G92)="","",UNICHAR(34)&H92&" "&I92&" "&J92&UNICHAR(34)&" ) case "&UNICHAR(34)&"$data2"&UNICHAR(34)&" in ")	=IF(ISBLANK(E92),"",L92)	=IF(ISBLANK(E92),"",LOOKUP(E92,$Actions.$B$2:$Actions.$B$1107,$Actions.$D$2:$Actions.$D$1107)&";;  ")	=IF(ISBLANK(F92),"",M92)	=IF(ISBLANK(F92),"",LOOKUP(F92,$Actions.$B$2:$Actions.$B$1107,$Actions.$D$2:$Actions.$D$1107)&";;  ")	=IF(ISBLANK(G92),"",N92)	=IF(ISBLANK(G92),"",LOOKUP(G92,$Actions.$B$2:$Actions.$B$1107,$Actions.$D$2:$Actions.$D$1107)&";; ")	=IF(CONCAT(E92:G92)="","","esac ;;  "&UNICHAR(13)&UNICHAR(10))
			F#6	1	1	1	on	0	90	1	[1-9]|1[0-9]|2[0-4]) 	2[5-9]|[3-9][0-9]|1[0-1][0-9]) 	12[0-7]) 	127	=IF(CONCAT(E93:G93)="","",UNICHAR(34)&H93&" "&I93&" "&J93&UNICHAR(34)&" ) case "&UNICHAR(34)&"$data2"&UNICHAR(34)&" in ")	=IF(ISBLANK(E93),"",L93)	=IF(ISBLANK(E93),"",LOOKUP(E93,$Actions.$B$2:$Actions.$B$1107,$Actions.$D$2:$Actions.$D$1107)&";;  ")	=IF(ISBLANK(F93),"",M93)	=IF(ISBLANK(F93),"",LOOKUP(F93,$Actions.$B$2:$Actions.$B$1107,$Actions.$D$2:$Actions.$D$1107)&";;  ")	=IF(ISBLANK(G93),"",N93)	=IF(ISBLANK(G93),"",LOOKUP(G93,$Actions.$B$2:$Actions.$B$1107,$Actions.$D$2:$Actions.$D$1107)&";; ")	=IF(CONCAT(E93:G93)="","","esac ;;  "&UNICHAR(13)&UNICHAR(10))
			G6	6	6	6	on	0	91	1	[1-9]|1[0-9]|2[0-4]) 	2[5-9]|[3-9][0-9]|1[0-1][0-9]) 	12[0-7]) 	127	=IF(CONCAT(E94:G94)="","",UNICHAR(34)&H94&" "&I94&" "&J94&UNICHAR(34)&" ) case "&UNICHAR(34)&"$data2"&UNICHAR(34)&" in ")	=IF(ISBLANK(E94),"",L94)	=IF(ISBLANK(E94),"",LOOKUP(E94,$Actions.$B$2:$Actions.$B$1107,$Actions.$D$2:$Actions.$D$1107)&";;  ")	=IF(ISBLANK(F94),"",M94)	=IF(ISBLANK(F94),"",LOOKUP(F94,$Actions.$B$2:$Actions.$B$1107,$Actions.$D$2:$Actions.$D$1107)&";;  ")	=IF(ISBLANK(G94),"",N94)	=IF(ISBLANK(G94),"",LOOKUP(G94,$Actions.$B$2:$Actions.$B$1107,$Actions.$D$2:$Actions.$D$1107)&";; ")	=IF(CONCAT(E94:G94)="","","esac ;;  "&UNICHAR(13)&UNICHAR(10))
			G#6	2	2	2	on	0	92	1	[1-9]|1[0-9]|2[0-4]) 	2[5-9]|[3-9][0-9]|1[0-1][0-9]) 	12[0-7]) 	127	=IF(CONCAT(E95:G95)="","",UNICHAR(34)&H95&" "&I95&" "&J95&UNICHAR(34)&" ) case "&UNICHAR(34)&"$data2"&UNICHAR(34)&" in ")	=IF(ISBLANK(E95),"",L95)	=IF(ISBLANK(E95),"",LOOKUP(E95,$Actions.$B$2:$Actions.$B$1107,$Actions.$D$2:$Actions.$D$1107)&";;  ")	=IF(ISBLANK(F95),"",M95)	=IF(ISBLANK(F95),"",LOOKUP(F95,$Actions.$B$2:$Actions.$B$1107,$Actions.$D$2:$Actions.$D$1107)&";;  ")	=IF(ISBLANK(G95),"",N95)	=IF(ISBLANK(G95),"",LOOKUP(G95,$Actions.$B$2:$Actions.$B$1107,$Actions.$D$2:$Actions.$D$1107)&";; ")	=IF(CONCAT(E95:G95)="","","esac ;;  "&UNICHAR(13)&UNICHAR(10))
			A6	7	7	7	on	0	93	1	[1-9]|1[0-9]|2[0-4]) 	2[5-9]|[3-9][0-9]|1[0-1][0-9]) 	12[0-7]) 	127	=IF(CONCAT(E96:G96)="","",UNICHAR(34)&H96&" "&I96&" "&J96&UNICHAR(34)&" ) case "&UNICHAR(34)&"$data2"&UNICHAR(34)&" in ")	=IF(ISBLANK(E96),"",L96)	=IF(ISBLANK(E96),"",LOOKUP(E96,$Actions.$B$2:$Actions.$B$1107,$Actions.$D$2:$Actions.$D$1107)&";;  ")	=IF(ISBLANK(F96),"",M96)	=IF(ISBLANK(F96),"",LOOKUP(F96,$Actions.$B$2:$Actions.$B$1107,$Actions.$D$2:$Actions.$D$1107)&";;  ")	=IF(ISBLANK(G96),"",N96)	=IF(ISBLANK(G96),"",LOOKUP(G96,$Actions.$B$2:$Actions.$B$1107,$Actions.$D$2:$Actions.$D$1107)&";; ")	=IF(CONCAT(E96:G96)="","","esac ;;  "&UNICHAR(13)&UNICHAR(10))
			A#6	3	3	3	on	0	94	1	[1-9]|1[0-9]|2[0-4]) 	2[5-9]|[3-9][0-9]|1[0-1][0-9]) 	12[0-7]) 	127	=IF(CONCAT(E97:G97)="","",UNICHAR(34)&H97&" "&I97&" "&J97&UNICHAR(34)&" ) case "&UNICHAR(34)&"$data2"&UNICHAR(34)&" in ")	=IF(ISBLANK(E97),"",L97)	=IF(ISBLANK(E97),"",LOOKUP(E97,$Actions.$B$2:$Actions.$B$1107,$Actions.$D$2:$Actions.$D$1107)&";;  ")	=IF(ISBLANK(F97),"",M97)	=IF(ISBLANK(F97),"",LOOKUP(F97,$Actions.$B$2:$Actions.$B$1107,$Actions.$D$2:$Actions.$D$1107)&";;  ")	=IF(ISBLANK(G97),"",N97)	=IF(ISBLANK(G97),"",LOOKUP(G97,$Actions.$B$2:$Actions.$B$1107,$Actions.$D$2:$Actions.$D$1107)&";; ")	=IF(CONCAT(E97:G97)="","","esac ;;  "&UNICHAR(13)&UNICHAR(10))
			B6	8	8	8	on	0	95	1	[1-9]|1[0-9]|2[0-4]) 	2[5-9]|[3-9][0-9]|1[0-1][0-9]) 	12[0-7]) 	127	=IF(CONCAT(E98:G98)="","",UNICHAR(34)&H98&" "&I98&" "&J98&UNICHAR(34)&" ) case "&UNICHAR(34)&"$data2"&UNICHAR(34)&" in ")	=IF(ISBLANK(E98),"",L98)	=IF(ISBLANK(E98),"",LOOKUP(E98,$Actions.$B$2:$Actions.$B$1107,$Actions.$D$2:$Actions.$D$1107)&";;  ")	=IF(ISBLANK(F98),"",M98)	=IF(ISBLANK(F98),"",LOOKUP(F98,$Actions.$B$2:$Actions.$B$1107,$Actions.$D$2:$Actions.$D$1107)&";;  ")	=IF(ISBLANK(G98),"",N98)	=IF(ISBLANK(G98),"",LOOKUP(G98,$Actions.$B$2:$Actions.$B$1107,$Actions.$D$2:$Actions.$D$1107)&";; ")	=IF(CONCAT(E98:G98)="","","esac ;;  "&UNICHAR(13)&UNICHAR(10))
			C7	9	9	9	on	0	96	1	[1-9]|1[0-9]|2[0-4]) 	2[5-9]|[3-9][0-9]|1[0-1][0-9]) 	12[0-7]) 	127	=IF(CONCAT(E99:G99)="","",UNICHAR(34)&H99&" "&I99&" "&J99&UNICHAR(34)&" ) case "&UNICHAR(34)&"$data2"&UNICHAR(34)&" in ")	=IF(ISBLANK(E99),"",L99)	=IF(ISBLANK(E99),"",LOOKUP(E99,$Actions.$B$2:$Actions.$B$1107,$Actions.$D$2:$Actions.$D$1107)&";;  ")	=IF(ISBLANK(F99),"",M99)	=IF(ISBLANK(F99),"",LOOKUP(F99,$Actions.$B$2:$Actions.$B$1107,$Actions.$D$2:$Actions.$D$1107)&";;  ")	=IF(ISBLANK(G99),"",N99)	=IF(ISBLANK(G99),"",LOOKUP(G99,$Actions.$B$2:$Actions.$B$1107,$Actions.$D$2:$Actions.$D$1107)&";; ")	=IF(CONCAT(E99:G99)="","","esac ;;  "&UNICHAR(13)&UNICHAR(10))
			C#7	4	4	4	on	0	97	1	[1-9]|1[0-9]|2[0-4]) 	2[5-9]|[3-9][0-9]|1[0-1][0-9]) 	12[0-7]) 	127	=IF(CONCAT(E100:G100)="","",UNICHAR(34)&H100&" "&I100&" "&J100&UNICHAR(34)&" ) case "&UNICHAR(34)&"$data2"&UNICHAR(34)&" in ")	=IF(ISBLANK(E100),"",L100)	=IF(ISBLANK(E100),"",LOOKUP(E100,$Actions.$B$2:$Actions.$B$1107,$Actions.$D$2:$Actions.$D$1107)&";;  ")	=IF(ISBLANK(F100),"",M100)	=IF(ISBLANK(F100),"",LOOKUP(F100,$Actions.$B$2:$Actions.$B$1107,$Actions.$D$2:$Actions.$D$1107)&";;  ")	=IF(ISBLANK(G100),"",N100)	=IF(ISBLANK(G100),"",LOOKUP(G100,$Actions.$B$2:$Actions.$B$1107,$Actions.$D$2:$Actions.$D$1107)&";; ")	=IF(CONCAT(E100:G100)="","","esac ;;  "&UNICHAR(13)&UNICHAR(10))
			D7	0	0	0	on	0	98	1	[1-9]|1[0-9]|2[0-4]) 	2[5-9]|[3-9][0-9]|1[0-1][0-9]) 	12[0-7]) 	127	=IF(CONCAT(E101:G101)="","",UNICHAR(34)&H101&" "&I101&" "&J101&UNICHAR(34)&" ) case "&UNICHAR(34)&"$data2"&UNICHAR(34)&" in ")	=IF(ISBLANK(E101),"",L101)	=IF(ISBLANK(E101),"",LOOKUP(E101,$Actions.$B$2:$Actions.$B$1107,$Actions.$D$2:$Actions.$D$1107)&";;  ")	=IF(ISBLANK(F101),"",M101)	=IF(ISBLANK(F101),"",LOOKUP(F101,$Actions.$B$2:$Actions.$B$1107,$Actions.$D$2:$Actions.$D$1107)&";;  ")	=IF(ISBLANK(G101),"",N101)	=IF(ISBLANK(G101),"",LOOKUP(G101,$Actions.$B$2:$Actions.$B$1107,$Actions.$D$2:$Actions.$D$1107)&";; ")	=IF(CONCAT(E101:G101)="","","esac ;;  "&UNICHAR(13)&UNICHAR(10))
			D#7	5	5	5	on	0	99	1	[1-9]|1[0-9]|2[0-4]) 	2[5-9]|[3-9][0-9]|1[0-1][0-9]) 	12[0-7]) 	127	=IF(CONCAT(E102:G102)="","",UNICHAR(34)&H102&" "&I102&" "&J102&UNICHAR(34)&" ) case "&UNICHAR(34)&"$data2"&UNICHAR(34)&" in ")	=IF(ISBLANK(E102),"",L102)	=IF(ISBLANK(E102),"",LOOKUP(E102,$Actions.$B$2:$Actions.$B$1107,$Actions.$D$2:$Actions.$D$1107)&";;  ")	=IF(ISBLANK(F102),"",M102)	=IF(ISBLANK(F102),"",LOOKUP(F102,$Actions.$B$2:$Actions.$B$1107,$Actions.$D$2:$Actions.$D$1107)&";;  ")	=IF(ISBLANK(G102),"",N102)	=IF(ISBLANK(G102),"",LOOKUP(G102,$Actions.$B$2:$Actions.$B$1107,$Actions.$D$2:$Actions.$D$1107)&";; ")	=IF(CONCAT(E102:G102)="","","esac ;;  "&UNICHAR(13)&UNICHAR(10))
			E7	Tab	Tab	Enter	on	0	100	1	[1-9]|1[0-9]|2[0-4]) 	2[5-9]|[3-9][0-9]|1[0-1][0-9]) 	12[0-7]) 	127	=IF(CONCAT(E103:G103)="","",UNICHAR(34)&H103&" "&I103&" "&J103&UNICHAR(34)&" ) case "&UNICHAR(34)&"$data2"&UNICHAR(34)&" in ")	=IF(ISBLANK(E103),"",L103)	=IF(ISBLANK(E103),"",LOOKUP(E103,$Actions.$B$2:$Actions.$B$1107,$Actions.$D$2:$Actions.$D$1107)&";;  ")	=IF(ISBLANK(F103),"",M103)	=IF(ISBLANK(F103),"",LOOKUP(F103,$Actions.$B$2:$Actions.$B$1107,$Actions.$D$2:$Actions.$D$1107)&";;  ")	=IF(ISBLANK(G103),"",N103)	=IF(ISBLANK(G103),"",LOOKUP(G103,$Actions.$B$2:$Actions.$B$1107,$Actions.$D$2:$Actions.$D$1107)&";; ")	=IF(CONCAT(E103:G103)="","","esac ;;  "&UNICHAR(13)&UNICHAR(10))
			F7	Cut	Copy	Paste	on	0	101	1	[1-9]|1[0-9]|2[0-4]) 	2[5-9]|[3-9][0-9]|1[0-1][0-9]) 	12[0-7]) 	127	=IF(CONCAT(E104:G104)="","",UNICHAR(34)&H104&" "&I104&" "&J104&UNICHAR(34)&" ) case "&UNICHAR(34)&"$data2"&UNICHAR(34)&" in ")	=IF(ISBLANK(E104),"",L104)	=IF(ISBLANK(E104),"",LOOKUP(E104,$Actions.$B$2:$Actions.$B$1107,$Actions.$D$2:$Actions.$D$1107)&";;  ")	=IF(ISBLANK(F104),"",M104)	=IF(ISBLANK(F104),"",LOOKUP(F104,$Actions.$B$2:$Actions.$B$1107,$Actions.$D$2:$Actions.$D$1107)&";;  ")	=IF(ISBLANK(G104),"",N104)	=IF(ISBLANK(G104),"",LOOKUP(G104,$Actions.$B$2:$Actions.$B$1107,$Actions.$D$2:$Actions.$D$1107)&";; ")	=IF(CONCAT(E104:G104)="","","esac ;;  "&UNICHAR(13)&UNICHAR(10))
			F#7	Click	Double Click	Quad Click	on	0	102	1	[1-9]|1[0-9]|2[0-4]) 	2[5-9]|[3-9][0-9]|1[0-1][0-9]) 	12[0-7]) 	127	=IF(CONCAT(E105:G105)="","",UNICHAR(34)&H105&" "&I105&" "&J105&UNICHAR(34)&" ) case "&UNICHAR(34)&"$data2"&UNICHAR(34)&" in ")	=IF(ISBLANK(E105),"",L105)	=IF(ISBLANK(E105),"",LOOKUP(E105,$Actions.$B$2:$Actions.$B$1107,$Actions.$D$2:$Actions.$D$1107)&";;  ")	=IF(ISBLANK(F105),"",M105)	=IF(ISBLANK(F105),"",LOOKUP(F105,$Actions.$B$2:$Actions.$B$1107,$Actions.$D$2:$Actions.$D$1107)&";;  ")	=IF(ISBLANK(G105),"",N105)	=IF(ISBLANK(G105),"",LOOKUP(G105,$Actions.$B$2:$Actions.$B$1107,$Actions.$D$2:$Actions.$D$1107)&";; ")	=IF(CONCAT(E105:G105)="","","esac ;;  "&UNICHAR(13)&UNICHAR(10))
			G7	Delete	Delete	Delete	on	0	103	1	[1-9]|1[0-9]|2[0-4]) 	2[5-9]|[3-9][0-9]|1[0-1][0-9]) 	12[0-7]) 	127	=IF(CONCAT(E106:G106)="","",UNICHAR(34)&H106&" "&I106&" "&J106&UNICHAR(34)&" ) case "&UNICHAR(34)&"$data2"&UNICHAR(34)&" in ")	=IF(ISBLANK(E106),"",L106)	=IF(ISBLANK(E106),"",LOOKUP(E106,$Actions.$B$2:$Actions.$B$1107,$Actions.$D$2:$Actions.$D$1107)&";;  ")	=IF(ISBLANK(F106),"",M106)	=IF(ISBLANK(F106),"",LOOKUP(F106,$Actions.$B$2:$Actions.$B$1107,$Actions.$D$2:$Actions.$D$1107)&";;  ")	=IF(ISBLANK(G106),"",N106)	=IF(ISBLANK(G106),"",LOOKUP(G106,$Actions.$B$2:$Actions.$B$1107,$Actions.$D$2:$Actions.$D$1107)&";; ")	=IF(CONCAT(E106:G106)="","","esac ;;  "&UNICHAR(13)&UNICHAR(10))
			G#7	Middle Click	Middle Double Click	Middle Triple Click	on	0	104	1	[1-9]|1[0-9]|2[0-4]) 	2[5-9]|[3-9][0-9]|1[0-1][0-9]) 	12[0-7]) 	127	=IF(CONCAT(E107:G107)="","",UNICHAR(34)&H107&" "&I107&" "&J107&UNICHAR(34)&" ) case "&UNICHAR(34)&"$data2"&UNICHAR(34)&" in ")	=IF(ISBLANK(E107),"",L107)	=IF(ISBLANK(E107),"",LOOKUP(E107,$Actions.$B$2:$Actions.$B$1107,$Actions.$D$2:$Actions.$D$1107)&";;  ")	=IF(ISBLANK(F107),"",M107)	=IF(ISBLANK(F107),"",LOOKUP(F107,$Actions.$B$2:$Actions.$B$1107,$Actions.$D$2:$Actions.$D$1107)&";;  ")	=IF(ISBLANK(G107),"",N107)	=IF(ISBLANK(G107),"",LOOKUP(G107,$Actions.$B$2:$Actions.$B$1107,$Actions.$D$2:$Actions.$D$1107)&";; ")	=IF(CONCAT(E107:G107)="","","esac ;;  "&UNICHAR(13)&UNICHAR(10))
			A7	Escape	Escape	Escape	on	0	105	1	[1-9]|1[0-9]|2[0-4]) 	2[5-9]|[3-9][0-9]|1[0-1][0-9]) 	12[0-7]) 	127	=IF(CONCAT(E108:G108)="","",UNICHAR(34)&H108&" "&I108&" "&J108&UNICHAR(34)&" ) case "&UNICHAR(34)&"$data2"&UNICHAR(34)&" in ")	=IF(ISBLANK(E108),"",L108)	=IF(ISBLANK(E108),"",LOOKUP(E108,$Actions.$B$2:$Actions.$B$1107,$Actions.$D$2:$Actions.$D$1107)&";;  ")	=IF(ISBLANK(F108),"",M108)	=IF(ISBLANK(F108),"",LOOKUP(F108,$Actions.$B$2:$Actions.$B$1107,$Actions.$D$2:$Actions.$D$1107)&";;  ")	=IF(ISBLANK(G108),"",N108)	=IF(ISBLANK(G108),"",LOOKUP(G108,$Actions.$B$2:$Actions.$B$1107,$Actions.$D$2:$Actions.$D$1107)&";; ")	=IF(CONCAT(E108:G108)="","","esac ;;  "&UNICHAR(13)&UNICHAR(10))
			A#7	Right Click	Right Double Click	Right Triple Click	on	0	106	1	[1-9]|1[0-9]|2[0-4]) 	2[5-9]|[3-9][0-9]|1[0-1][0-9]) 	12[0-7]) 	127	=IF(CONCAT(E109:G109)="","",UNICHAR(34)&H109&" "&I109&" "&J109&UNICHAR(34)&" ) case "&UNICHAR(34)&"$data2"&UNICHAR(34)&" in ")	=IF(ISBLANK(E109),"",L109)	=IF(ISBLANK(E109),"",LOOKUP(E109,$Actions.$B$2:$Actions.$B$1107,$Actions.$D$2:$Actions.$D$1107)&";;  ")	=IF(ISBLANK(F109),"",M109)	=IF(ISBLANK(F109),"",LOOKUP(F109,$Actions.$B$2:$Actions.$B$1107,$Actions.$D$2:$Actions.$D$1107)&";;  ")	=IF(ISBLANK(G109),"",N109)	=IF(ISBLANK(G109),"",LOOKUP(G109,$Actions.$B$2:$Actions.$B$1107,$Actions.$D$2:$Actions.$D$1107)&";; ")	=IF(CONCAT(E109:G109)="","","esac ;;  "&UNICHAR(13)&UNICHAR(10))
			B7	Tab Back	Tab Back	Tab Back	on	0	107	1	[1-9]|1[0-9]|2[0-4]) 	2[5-9]|[3-9][0-9]|1[0-1][0-9]) 	12[0-7]) 	127	=IF(CONCAT(E110:G110)="","",UNICHAR(34)&H110&" "&I110&" "&J110&UNICHAR(34)&" ) case "&UNICHAR(34)&"$data2"&UNICHAR(34)&" in ")	=IF(ISBLANK(E110),"",L110)	=IF(ISBLANK(E110),"",LOOKUP(E110,$Actions.$B$2:$Actions.$B$1107,$Actions.$D$2:$Actions.$D$1107)&";;  ")	=IF(ISBLANK(F110),"",M110)	=IF(ISBLANK(F110),"",LOOKUP(F110,$Actions.$B$2:$Actions.$B$1107,$Actions.$D$2:$Actions.$D$1107)&";;  ")	=IF(ISBLANK(G110),"",N110)	=IF(ISBLANK(G110),"",LOOKUP(G110,$Actions.$B$2:$Actions.$B$1107,$Actions.$D$2:$Actions.$D$1107)&";; ")	=IF(CONCAT(E110:G110)="","","esac ;;  "&UNICHAR(13)&UNICHAR(10))
			C8	Alt Tab	Alt Tab	Alt Tab	on	0	108	1	[1-9]|1[0-9]|2[0-4]) 	2[5-9]|[3-9][0-9]|1[0-1][0-9]) 	12[0-7]) 	127	=IF(CONCAT(E111:G111)="","",UNICHAR(34)&H111&" "&I111&" "&J111&UNICHAR(34)&" ) case "&UNICHAR(34)&"$data2"&UNICHAR(34)&" in ")	=IF(ISBLANK(E111),"",L111)	=IF(ISBLANK(E111),"",LOOKUP(E111,$Actions.$B$2:$Actions.$B$1107,$Actions.$D$2:$Actions.$D$1107)&";;  ")	=IF(ISBLANK(F111),"",M111)	=IF(ISBLANK(F111),"",LOOKUP(F111,$Actions.$B$2:$Actions.$B$1107,$Actions.$D$2:$Actions.$D$1107)&";;  ")	=IF(ISBLANK(G111),"",N111)	=IF(ISBLANK(G111),"",LOOKUP(G111,$Actions.$B$2:$Actions.$B$1107,$Actions.$D$2:$Actions.$D$1107)&";; ")	=IF(CONCAT(E111:G111)="","","esac ;;  "&UNICHAR(13)&UNICHAR(10))
	MidiMouse		C#8	Alt 4	Shift Alt 4	Control Alt 4	on	0	109	1	[1-9]|1[0-9]|2[0-4]) 	2[5-9]|[3-9][0-9]|1[0-1][0-9]) 	12[0-7]) 	127	=IF(CONCAT(E112:G112)="","",UNICHAR(34)&H112&" "&I112&" "&J112&UNICHAR(34)&" ) case "&UNICHAR(34)&"$data2"&UNICHAR(34)&" in ")	=IF(ISBLANK(E112),"",L112)	=IF(ISBLANK(E112),"",LOOKUP(E112,$Actions.$B$2:$Actions.$B$1107,$Actions.$D$2:$Actions.$D$1107)&";;  ")	=IF(ISBLANK(F112),"",M112)	=IF(ISBLANK(F112),"",LOOKUP(F112,$Actions.$B$2:$Actions.$B$1107,$Actions.$D$2:$Actions.$D$1107)&";;  ")	=IF(ISBLANK(G112),"",N112)	=IF(ISBLANK(G112),"",LOOKUP(G112,$Actions.$B$2:$Actions.$B$1107,$Actions.$D$2:$Actions.$D$1107)&";; ")	=IF(CONCAT(E112:G112)="","","esac ;;  "&UNICHAR(13)&UNICHAR(10))
			D8	Alt D	Shift Alt D	Control Alt D	on	0	110	1	[1-9]|1[0-9]|2[0-4]) 	2[5-9]|[3-9][0-9]|1[0-1][0-9]) 	12[0-7]) 	127	=IF(CONCAT(E113:G113)="","",UNICHAR(34)&H113&" "&I113&" "&J113&UNICHAR(34)&" ) case "&UNICHAR(34)&"$data2"&UNICHAR(34)&" in ")	=IF(ISBLANK(E113),"",L113)	=IF(ISBLANK(E113),"",LOOKUP(E113,$Actions.$B$2:$Actions.$B$1107,$Actions.$D$2:$Actions.$D$1107)&";;  ")	=IF(ISBLANK(F113),"",M113)	=IF(ISBLANK(F113),"",LOOKUP(F113,$Actions.$B$2:$Actions.$B$1107,$Actions.$D$2:$Actions.$D$1107)&";;  ")	=IF(ISBLANK(G113),"",N113)	=IF(ISBLANK(G113),"",LOOKUP(G113,$Actions.$B$2:$Actions.$B$1107,$Actions.$D$2:$Actions.$D$1107)&";; ")	=IF(CONCAT(E113:G113)="","","esac ;;  "&UNICHAR(13)&UNICHAR(10))
			D#8	Alt 5	Shift Alt 5	Control Alt 5	on	0	111	1	[1-9]|1[0-9]|2[0-4]) 	2[5-9]|[3-9][0-9]|1[0-1][0-9]) 	12[0-7]) 	127	=IF(CONCAT(E114:G114)="","",UNICHAR(34)&H114&" "&I114&" "&J114&UNICHAR(34)&" ) case "&UNICHAR(34)&"$data2"&UNICHAR(34)&" in ")	=IF(ISBLANK(E114),"",L114)	=IF(ISBLANK(E114),"",LOOKUP(E114,$Actions.$B$2:$Actions.$B$1107,$Actions.$D$2:$Actions.$D$1107)&";;  ")	=IF(ISBLANK(F114),"",M114)	=IF(ISBLANK(F114),"",LOOKUP(F114,$Actions.$B$2:$Actions.$B$1107,$Actions.$D$2:$Actions.$D$1107)&";;  ")	=IF(ISBLANK(G114),"",N114)	=IF(ISBLANK(G114),"",LOOKUP(G114,$Actions.$B$2:$Actions.$B$1107,$Actions.$D$2:$Actions.$D$1107)&";; ")	=IF(CONCAT(E114:G114)="","","esac ;;  "&UNICHAR(13)&UNICHAR(10))
			E8	Alt E	Shift Alt E	Control Alt E	on	0	112	1	[1-9]|1[0-9]|2[0-4]) 	2[5-9]|[3-9][0-9]|1[0-1][0-9]) 	12[0-7]) 	127	=IF(CONCAT(E115:G115)="","",UNICHAR(34)&H115&" "&I115&" "&J115&UNICHAR(34)&" ) case "&UNICHAR(34)&"$data2"&UNICHAR(34)&" in ")	=IF(ISBLANK(E115),"",L115)	=IF(ISBLANK(E115),"",LOOKUP(E115,$Actions.$B$2:$Actions.$B$1107,$Actions.$D$2:$Actions.$D$1107)&";;  ")	=IF(ISBLANK(F115),"",M115)	=IF(ISBLANK(F115),"",LOOKUP(F115,$Actions.$B$2:$Actions.$B$1107,$Actions.$D$2:$Actions.$D$1107)&";;  ")	=IF(ISBLANK(G115),"",N115)	=IF(ISBLANK(G115),"",LOOKUP(G115,$Actions.$B$2:$Actions.$B$1107,$Actions.$D$2:$Actions.$D$1107)&";; ")	=IF(CONCAT(E115:G115)="","","esac ;;  "&UNICHAR(13)&UNICHAR(10))
			F8	Alt F	Shift Alt F	Control Alt F	on	0	113	1	[1-9]|1[0-9]|2[0-4]) 	2[5-9]|[3-9][0-9]|1[0-1][0-9]) 	12[0-7]) 	127	=IF(CONCAT(E116:G116)="","",UNICHAR(34)&H116&" "&I116&" "&J116&UNICHAR(34)&" ) case "&UNICHAR(34)&"$data2"&UNICHAR(34)&" in ")	=IF(ISBLANK(E116),"",L116)	=IF(ISBLANK(E116),"",LOOKUP(E116,$Actions.$B$2:$Actions.$B$1107,$Actions.$D$2:$Actions.$D$1107)&";;  ")	=IF(ISBLANK(F116),"",M116)	=IF(ISBLANK(F116),"",LOOKUP(F116,$Actions.$B$2:$Actions.$B$1107,$Actions.$D$2:$Actions.$D$1107)&";;  ")	=IF(ISBLANK(G116),"",N116)	=IF(ISBLANK(G116),"",LOOKUP(G116,$Actions.$B$2:$Actions.$B$1107,$Actions.$D$2:$Actions.$D$1107)&";; ")	=IF(CONCAT(E116:G116)="","","esac ;;  "&UNICHAR(13)&UNICHAR(10))
			F#8	Alt 6	Shift Alt 6	Control Alt 6	on	0	114	1	[1-9]|1[0-9]|2[0-4]) 	2[5-9]|[3-9][0-9]|1[0-1][0-9]) 	12[0-7]) 	127	=IF(CONCAT(E117:G117)="","",UNICHAR(34)&H117&" "&I117&" "&J117&UNICHAR(34)&" ) case "&UNICHAR(34)&"$data2"&UNICHAR(34)&" in ")	=IF(ISBLANK(E117),"",L117)	=IF(ISBLANK(E117),"",LOOKUP(E117,$Actions.$B$2:$Actions.$B$1107,$Actions.$D$2:$Actions.$D$1107)&";;  ")	=IF(ISBLANK(F117),"",M117)	=IF(ISBLANK(F117),"",LOOKUP(F117,$Actions.$B$2:$Actions.$B$1107,$Actions.$D$2:$Actions.$D$1107)&";;  ")	=IF(ISBLANK(G117),"",N117)	=IF(ISBLANK(G117),"",LOOKUP(G117,$Actions.$B$2:$Actions.$B$1107,$Actions.$D$2:$Actions.$D$1107)&";; ")	=IF(CONCAT(E117:G117)="","","esac ;;  "&UNICHAR(13)&UNICHAR(10))
			G8	Alt G	Shift Alt G	Control Alt G	on	0	115	1	[1-9]|1[0-9]|2[0-4]) 	2[5-9]|[3-9][0-9]|1[0-1][0-9]) 	12[0-7]) 	127	=IF(CONCAT(E118:G118)="","",UNICHAR(34)&H118&" "&I118&" "&J118&UNICHAR(34)&" ) case "&UNICHAR(34)&"$data2"&UNICHAR(34)&" in ")	=IF(ISBLANK(E118),"",L118)	=IF(ISBLANK(E118),"",LOOKUP(E118,$Actions.$B$2:$Actions.$B$1107,$Actions.$D$2:$Actions.$D$1107)&";;  ")	=IF(ISBLANK(F118),"",M118)	=IF(ISBLANK(F118),"",LOOKUP(F118,$Actions.$B$2:$Actions.$B$1107,$Actions.$D$2:$Actions.$D$1107)&";;  ")	=IF(ISBLANK(G118),"",N118)	=IF(ISBLANK(G118),"",LOOKUP(G118,$Actions.$B$2:$Actions.$B$1107,$Actions.$D$2:$Actions.$D$1107)&";; ")	=IF(CONCAT(E118:G118)="","","esac ;;  "&UNICHAR(13)&UNICHAR(10))
			G#8	Alt 7	Shift Alt 7	Control Alt 7	on	0	116	1	[1-9]|1[0-9]|2[0-4]) 	2[5-9]|[3-9][0-9]|1[0-1][0-9]) 	12[0-7]) 	127	=IF(CONCAT(E119:G119)="","",UNICHAR(34)&H119&" "&I119&" "&J119&UNICHAR(34)&" ) case "&UNICHAR(34)&"$data2"&UNICHAR(34)&" in ")	=IF(ISBLANK(E119),"",L119)	=IF(ISBLANK(E119),"",LOOKUP(E119,$Actions.$B$2:$Actions.$B$1107,$Actions.$D$2:$Actions.$D$1107)&";;  ")	=IF(ISBLANK(F119),"",M119)	=IF(ISBLANK(F119),"",LOOKUP(F119,$Actions.$B$2:$Actions.$B$1107,$Actions.$D$2:$Actions.$D$1107)&";;  ")	=IF(ISBLANK(G119),"",N119)	=IF(ISBLANK(G119),"",LOOKUP(G119,$Actions.$B$2:$Actions.$B$1107,$Actions.$D$2:$Actions.$D$1107)&";; ")	=IF(CONCAT(E119:G119)="","","esac ;;  "&UNICHAR(13)&UNICHAR(10))
			A8	Alt H	Shift Alt H	Control Alt H	on	0	117	1	[1-9]|1[0-9]|2[0-4]) 	2[5-9]|[3-9][0-9]|1[0-1][0-9]) 	12[0-7]) 	127	=IF(CONCAT(E120:G120)="","",UNICHAR(34)&H120&" "&I120&" "&J120&UNICHAR(34)&" ) case "&UNICHAR(34)&"$data2"&UNICHAR(34)&" in ")	=IF(ISBLANK(E120),"",L120)	=IF(ISBLANK(E120),"",LOOKUP(E120,$Actions.$B$2:$Actions.$B$1107,$Actions.$D$2:$Actions.$D$1107)&";;  ")	=IF(ISBLANK(F120),"",M120)	=IF(ISBLANK(F120),"",LOOKUP(F120,$Actions.$B$2:$Actions.$B$1107,$Actions.$D$2:$Actions.$D$1107)&";;  ")	=IF(ISBLANK(G120),"",N120)	=IF(ISBLANK(G120),"",LOOKUP(G120,$Actions.$B$2:$Actions.$B$1107,$Actions.$D$2:$Actions.$D$1107)&";; ")	=IF(CONCAT(E120:G120)="","","esac ;;  "&UNICHAR(13)&UNICHAR(10))
			A#8	Alt 8	Shift Alt 8	Control Alt 8	on	0	118	1	[1-9]|1[0-9]|2[0-4]) 	2[5-9]|[3-9][0-9]|1[0-1][0-9]) 	12[0-7]) 	127	=IF(CONCAT(E121:G121)="","",UNICHAR(34)&H121&" "&I121&" "&J121&UNICHAR(34)&" ) case "&UNICHAR(34)&"$data2"&UNICHAR(34)&" in ")	=IF(ISBLANK(E121),"",L121)	=IF(ISBLANK(E121),"",LOOKUP(E121,$Actions.$B$2:$Actions.$B$1107,$Actions.$D$2:$Actions.$D$1107)&";;  ")	=IF(ISBLANK(F121),"",M121)	=IF(ISBLANK(F121),"",LOOKUP(F121,$Actions.$B$2:$Actions.$B$1107,$Actions.$D$2:$Actions.$D$1107)&";;  ")	=IF(ISBLANK(G121),"",N121)	=IF(ISBLANK(G121),"",LOOKUP(G121,$Actions.$B$2:$Actions.$B$1107,$Actions.$D$2:$Actions.$D$1107)&";; ")	=IF(CONCAT(E121:G121)="","","esac ;;  "&UNICHAR(13)&UNICHAR(10))
			B8	Alt I	Shift Alt I	Control Alt I	on	0	119	1	[1-9]|1[0-9]|2[0-4]) 	2[5-9]|[3-9][0-9]|1[0-1][0-9]) 	12[0-7]) 	127	=IF(CONCAT(E122:G122)="","",UNICHAR(34)&H122&" "&I122&" "&J122&UNICHAR(34)&" ) case "&UNICHAR(34)&"$data2"&UNICHAR(34)&" in ")	=IF(ISBLANK(E122),"",L122)	=IF(ISBLANK(E122),"",LOOKUP(E122,$Actions.$B$2:$Actions.$B$1107,$Actions.$D$2:$Actions.$D$1107)&";;  ")	=IF(ISBLANK(F122),"",M122)	=IF(ISBLANK(F122),"",LOOKUP(F122,$Actions.$B$2:$Actions.$B$1107,$Actions.$D$2:$Actions.$D$1107)&";;  ")	=IF(ISBLANK(G122),"",N122)	=IF(ISBLANK(G122),"",LOOKUP(G122,$Actions.$B$2:$Actions.$B$1107,$Actions.$D$2:$Actions.$D$1107)&";; ")	=IF(CONCAT(E122:G122)="","","esac ;;  "&UNICHAR(13)&UNICHAR(10))
			C9	Alt J	Shift Alt J	Control Alt J	on	0	120	1	[1-9]|1[0-9]|2[0-4]) 	2[5-9]|[3-9][0-9]|1[0-1][0-9]) 	12[0-7]) 	127	=IF(CONCAT(E123:G123)="","",UNICHAR(34)&H123&" "&I123&" "&J123&UNICHAR(34)&" ) case "&UNICHAR(34)&"$data2"&UNICHAR(34)&" in ")	=IF(ISBLANK(E123),"",L123)	=IF(ISBLANK(E123),"",LOOKUP(E123,$Actions.$B$2:$Actions.$B$1107,$Actions.$D$2:$Actions.$D$1107)&";;  ")	=IF(ISBLANK(F123),"",M123)	=IF(ISBLANK(F123),"",LOOKUP(F123,$Actions.$B$2:$Actions.$B$1107,$Actions.$D$2:$Actions.$D$1107)&";;  ")	=IF(ISBLANK(G123),"",N123)	=IF(ISBLANK(G123),"",LOOKUP(G123,$Actions.$B$2:$Actions.$B$1107,$Actions.$D$2:$Actions.$D$1107)&";; ")	=IF(CONCAT(E123:G123)="","","esac ;;  "&UNICHAR(13)&UNICHAR(10))
			C#9				on	0	121	1	[1-9]|1[0-9]|2[0-4]) 	2[5-9]|[3-9][0-9]|1[0-1][0-9]) 	12[0-7]) 	127	=IF(CONCAT(E124:G124)="","",UNICHAR(34)&H124&" "&I124&" "&J124&UNICHAR(34)&" ) case "&UNICHAR(34)&"$data2"&UNICHAR(34)&" in ")	=IF(ISBLANK(E124),"",L124)	=IF(ISBLANK(E124),"",LOOKUP(E124,$Actions.$B$2:$Actions.$B$1107,$Actions.$D$2:$Actions.$D$1107)&";;  ")	=IF(ISBLANK(F124),"",M124)	=IF(ISBLANK(F124),"",LOOKUP(F124,$Actions.$B$2:$Actions.$B$1107,$Actions.$D$2:$Actions.$D$1107)&";;  ")	=IF(ISBLANK(G124),"",N124)	=IF(ISBLANK(G124),"",LOOKUP(G124,$Actions.$B$2:$Actions.$B$1107,$Actions.$D$2:$Actions.$D$1107)&";; ")	=IF(CONCAT(E124:G124)="","","esac ;;  "&UNICHAR(13)&UNICHAR(10))
			D9				on	0	122	1	[1-9]|1[0-9]|2[0-4]) 	2[5-9]|[3-9][0-9]|1[0-1][0-9]) 	12[0-7]) 	127	=IF(CONCAT(E125:G125)="","",UNICHAR(34)&H125&" "&I125&" "&J125&UNICHAR(34)&" ) case "&UNICHAR(34)&"$data2"&UNICHAR(34)&" in ")	=IF(ISBLANK(E125),"",L125)	=IF(ISBLANK(E125),"",LOOKUP(E125,$Actions.$B$2:$Actions.$B$1107,$Actions.$D$2:$Actions.$D$1107)&";;  ")	=IF(ISBLANK(F125),"",M125)	=IF(ISBLANK(F125),"",LOOKUP(F125,$Actions.$B$2:$Actions.$B$1107,$Actions.$D$2:$Actions.$D$1107)&";;  ")	=IF(ISBLANK(G125),"",N125)	=IF(ISBLANK(G125),"",LOOKUP(G125,$Actions.$B$2:$Actions.$B$1107,$Actions.$D$2:$Actions.$D$1107)&";; ")	=IF(CONCAT(E125:G125)="","","esac ;;  "&UNICHAR(13)&UNICHAR(10))
			D#9				on	0	123	1	[1-9]|1[0-9]|2[0-4]) 	2[5-9]|[3-9][0-9]|1[0-1][0-9]) 	12[0-7]) 	127	=IF(CONCAT(E126:G126)="","",UNICHAR(34)&H126&" "&I126&" "&J126&UNICHAR(34)&" ) case "&UNICHAR(34)&"$data2"&UNICHAR(34)&" in ")	=IF(ISBLANK(E126),"",L126)	=IF(ISBLANK(E126),"",LOOKUP(E126,$Actions.$B$2:$Actions.$B$1107,$Actions.$D$2:$Actions.$D$1107)&";;  ")	=IF(ISBLANK(F126),"",M126)	=IF(ISBLANK(F126),"",LOOKUP(F126,$Actions.$B$2:$Actions.$B$1107,$Actions.$D$2:$Actions.$D$1107)&";;  ")	=IF(ISBLANK(G126),"",N126)	=IF(ISBLANK(G126),"",LOOKUP(G126,$Actions.$B$2:$Actions.$B$1107,$Actions.$D$2:$Actions.$D$1107)&";; ")	=IF(CONCAT(E126:G126)="","","esac ;;  "&UNICHAR(13)&UNICHAR(10))
			E9				on	0	124	1	[1-9]|1[0-9]|2[0-4]) 	2[5-9]|[3-9][0-9]|1[0-1][0-9]) 	12[0-7]) 	127	=IF(CONCAT(E127:G127)="","",UNICHAR(34)&H127&" "&I127&" "&J127&UNICHAR(34)&" ) case "&UNICHAR(34)&"$data2"&UNICHAR(34)&" in ")	=IF(ISBLANK(E127),"",L127)	=IF(ISBLANK(E127),"",LOOKUP(E127,$Actions.$B$2:$Actions.$B$1107,$Actions.$D$2:$Actions.$D$1107)&";;  ")	=IF(ISBLANK(F127),"",M127)	=IF(ISBLANK(F127),"",LOOKUP(F127,$Actions.$B$2:$Actions.$B$1107,$Actions.$D$2:$Actions.$D$1107)&";;  ")	=IF(ISBLANK(G127),"",N127)	=IF(ISBLANK(G127),"",LOOKUP(G127,$Actions.$B$2:$Actions.$B$1107,$Actions.$D$2:$Actions.$D$1107)&";; ")	=IF(CONCAT(E127:G127)="","","esac ;;  "&UNICHAR(13)&UNICHAR(10))
			F9				on	0	125	1	[1-9]|1[0-9]|2[0-4]) 	2[5-9]|[3-9][0-9]|1[0-1][0-9]) 	12[0-7]) 	127	=IF(CONCAT(E128:G128)="","",UNICHAR(34)&H128&" "&I128&" "&J128&UNICHAR(34)&" ) case "&UNICHAR(34)&"$data2"&UNICHAR(34)&" in ")	=IF(ISBLANK(E128),"",L128)	=IF(ISBLANK(E128),"",LOOKUP(E128,$Actions.$B$2:$Actions.$B$1107,$Actions.$D$2:$Actions.$D$1107)&";;  ")	=IF(ISBLANK(F128),"",M128)	=IF(ISBLANK(F128),"",LOOKUP(F128,$Actions.$B$2:$Actions.$B$1107,$Actions.$D$2:$Actions.$D$1107)&";;  ")	=IF(ISBLANK(G128),"",N128)	=IF(ISBLANK(G128),"",LOOKUP(G128,$Actions.$B$2:$Actions.$B$1107,$Actions.$D$2:$Actions.$D$1107)&";; ")	=IF(CONCAT(E128:G128)="","","esac ;;  "&UNICHAR(13)&UNICHAR(10))
			F#9				on	0	126	1	[1-9]|1[0-9]|2[0-4]) 	2[5-9]|[3-9][0-9]|1[0-1][0-9]) 	12[0-7]) 	127	=IF(CONCAT(E129:G129)="","",UNICHAR(34)&H129&" "&I129&" "&J129&UNICHAR(34)&" ) case "&UNICHAR(34)&"$data2"&UNICHAR(34)&" in ")	=IF(ISBLANK(E129),"",L129)	=IF(ISBLANK(E129),"",LOOKUP(E129,$Actions.$B$2:$Actions.$B$1107,$Actions.$D$2:$Actions.$D$1107)&";;  ")	=IF(ISBLANK(F129),"",M129)	=IF(ISBLANK(F129),"",LOOKUP(F129,$Actions.$B$2:$Actions.$B$1107,$Actions.$D$2:$Actions.$D$1107)&";;  ")	=IF(ISBLANK(G129),"",N129)	=IF(ISBLANK(G129),"",LOOKUP(G129,$Actions.$B$2:$Actions.$B$1107,$Actions.$D$2:$Actions.$D$1107)&";; ")	=IF(CONCAT(E129:G129)="","","esac ;;  "&UNICHAR(13)&UNICHAR(10))
			G9				on	0	127	1	[1-9]|1[0-9]|2[0-4]) 	2[5-9]|[3-9][0-9]|1[0-1][0-9]) 	12[0-7]) 	127	=IF(CONCAT(E130:G130)="","",UNICHAR(34)&H130&" "&I130&" "&J130&UNICHAR(34)&" ) case "&UNICHAR(34)&"$data2"&UNICHAR(34)&" in ")	=IF(ISBLANK(E130),"",L130)	=IF(ISBLANK(E130),"",LOOKUP(E130,$Actions.$B$2:$Actions.$B$1107,$Actions.$D$2:$Actions.$D$1107)&";;  ")	=IF(ISBLANK(F130),"",M130)	=IF(ISBLANK(F130),"",LOOKUP(F130,$Actions.$B$2:$Actions.$B$1107,$Actions.$D$2:$Actions.$D$1107)&";;  ")	=IF(ISBLANK(G130),"",N130)	=IF(ISBLANK(G130),"",LOOKUP(G130,$Actions.$B$2:$Actions.$B$1107,$Actions.$D$2:$Actions.$D$1107)&";; ")	=IF(CONCAT(E130:G130)="","","esac ;;  "&UNICHAR(13)&UNICHAR(10))
